Grup_taxon;Nom_cat;Nom_cien;N_indi;N_obs;Data_obs;x;y
Aus;Mastegatatxes;Ficedula hypoleuca;1;1;2022-03-27;2.750902;41.727985
Aus;Mastegatatxes;Ficedula hypoleuca;1;1;2022-03-29;1.85478598;41.49462035
Aus;Mastegatatxes;Ficedula hypoleuca;1;1;2022-03-30;2.268580198;41.93338822
Aus;Mastegatatxes;Ficedula hypoleuca;1;1;2022-03-30;1.60326767;41.49184056
Aus;Mastegatatxes;Ficedula hypoleuca;1;1;2022-03-31;2.134027;41.524663
Aus;Mastegatatxes;Ficedula hypoleuca;1;1;2022-03-31;2.063342;41.280436
Aus;Mastegatatxes;Ficedula hypoleuca;1;1;2022-04-01;2.834014;41.874737
Aus;Mastegatatxes;Ficedula hypoleuca;1;1;2022-04-01;2.244377;41.594064
Aus;Mastegatatxes;Ficedula hypoleuca;1;1;2022-04-01;2.06451242;41.28242117
Aus;Mastegatatxes;Ficedula hypoleuca;1;1;2022-04-01;3.105053902;42.24119532
Aus;Mastegatatxes;Ficedula hypoleuca;1;1;2022-04-02;3.030944467;41.80908843
Aus;Mastegatatxes;Ficedula hypoleuca;1;1;2022-04-02;3.027585;41.817512
Aus;Mastegatatxes;Ficedula hypoleuca;1;1;2022-04-02;2.24894485;41.59694899
Aus;Mastegatatxes;Ficedula hypoleuca;1;1;2022-04-02;2.1053438;41.56889984
Aus;Mastegatatxes;Ficedula hypoleuca;2;1;2022-04-02;2.33367361;41.52541378
Aus;Mastegatatxes;Ficedula hypoleuca;1;1;2022-04-02;2.332352;41.494001
Aus;Mastegatatxes;Ficedula hypoleuca;1;1;2022-04-02;2.312142;41.499404
Aus;Mastegatatxes;Ficedula hypoleuca;1;1;2022-04-02;2.312097;41.499112
Aus;Mastegatatxes;Ficedula hypoleuca;1;1;2022-04-02;2.117061;41.313145
Aus;Mastegatatxes;Ficedula hypoleuca;1;1;2022-04-02;2.11823731;41.31181165
Aus;Mastegatatxes;Ficedula hypoleuca;5;2;2022-04-02;2.12216594;41.30279995
Aus;Mastegatatxes;Ficedula hypoleuca;3;1;2022-04-02;2.06451242;41.28242117
Aus;Mastegatatxes;Ficedula hypoleuca;1;1;2022-04-02;2.063998;41.279733
Aus;Mastegatatxes;Ficedula hypoleuca;1;1;2022-04-02;2.063471;41.280004
Aus;Mastegatatxes;Ficedula hypoleuca;1;1;2022-04-02;1.93419149;41.76559273
Aus;Mastegatatxes;Ficedula hypoleuca;2;1;2022-04-02;0.99651856;41.74405871
Aus;Mastegatatxes;Ficedula hypoleuca;1;1;2022-04-02;1.8411122;42.06422088
Aus;Mastegatatxes;Ficedula hypoleuca;1;1;2022-04-02;2.958856;42.26351
Aus;Mastegatatxes;Ficedula hypoleuca;1;1;2022-04-03;2.16297777;41.74947379
Aus;Mastegatatxes;Ficedula hypoleuca;1;1;2022-04-03;2.23648;41.646087
Aus;Mastegatatxes;Ficedula hypoleuca;1;1;2022-04-03;2.249155285;41.6001715
Aus;Mastegatatxes;Ficedula hypoleuca;1;1;2022-04-03;2.245112738;41.59850573
Aus;Mastegatatxes;Ficedula hypoleuca;1;1;2022-04-03;2.24894485;41.59694899
Aus;Mastegatatxes;Ficedula hypoleuca;1;1;2022-04-03;2.174992561;41.56360532
Aus;Mastegatatxes;Ficedula hypoleuca;1;1;2022-04-03;2.16495905;41.59636962
Aus;Mastegatatxes;Ficedula hypoleuca;1;1;2022-04-03;2.329246;41.507425
Aus;Mastegatatxes;Ficedula hypoleuca;1;1;2022-04-03;2.66848841;41.67998841
Aus;Mastegatatxes;Ficedula hypoleuca;1;1;2022-04-03;2.129465;41.382402
Aus;Mastegatatxes;Ficedula hypoleuca;1;1;2022-04-03;2.047330141;41.30985278
Aus;Mastegatatxes;Ficedula hypoleuca;1;1;2022-04-03;1.612462;41.286107
Aus;Mastegatatxes;Ficedula hypoleuca;1;1;2022-04-03;1.60346109;41.48283586
Aus;Mastegatatxes;Ficedula hypoleuca;1;1;2022-04-03;0.9497236;41.68215179
Aus;Mastegatatxes;Ficedula hypoleuca;3;1;2022-04-03;2.25081976;42.04806513
Aus;Mastegatatxes;Ficedula hypoleuca;1;1;2022-04-04;2.802694864;41.98614465
Aus;Mastegatatxes;Ficedula hypoleuca;1;1;2022-04-04;2.17787063;41.52440547
Aus;Mastegatatxes;Ficedula hypoleuca;1;1;2022-04-04;2.232772;41.540708
Aus;Mastegatatxes;Ficedula hypoleuca;1;1;2022-04-04;1.807766;41.711518
Aus;Mastegatatxes;Ficedula hypoleuca;1;1;2022-04-04;1.87226;42.01461
Aus;Mastegatatxes;Ficedula hypoleuca;1;1;2022-04-04;2.2556412;42.05633737
Aus;Mastegatatxes;Ficedula hypoleuca;1;1;2022-04-04;3.10156842;42.21348961
Aus;Mastegatatxes;Ficedula hypoleuca;1;1;2022-04-04;3.201627036;42.27130989
Aus;Mastegatatxes;Ficedula hypoleuca;1;1;2022-04-05;2.268580198;41.93338822
Aus;Mastegatatxes;Ficedula hypoleuca;2;2;2022-04-05;2.29014449;41.99877954
Aus;Mastegatatxes;Ficedula hypoleuca;1;1;2022-04-05;2.245112738;41.59850573
Aus;Mastegatatxes;Ficedula hypoleuca;4;2;2022-04-05;2.24894485;41.59694899
Aus;Mastegatatxes;Ficedula hypoleuca;1;1;2022-04-05;1.505491916;41.21695065
Aus;Mastegatatxes;Ficedula hypoleuca;1;1;2022-04-06;2.291229;41.607639
Aus;Mastegatatxes;Ficedula hypoleuca;1;1;2022-04-06;2.117679119;41.38752315
Aus;Mastegatatxes;Ficedula hypoleuca;2;1;2022-04-06;1.85478598;41.49462035
Aus;Mastegatatxes;Ficedula hypoleuca;1;1;2022-04-06;2.662093088;42.20791789
Aus;Mastegatatxes;Ficedula hypoleuca;1;1;2022-04-07;2.29014449;41.99877954
Aus;Mastegatatxes;Ficedula hypoleuca;3;1;2022-04-07;2.151381465;41.36734415
Aus;Mastegatatxes;Ficedula hypoleuca;1;1;2022-04-07;2.25081976;42.04806513
Aus;Mastegatatxes;Ficedula hypoleuca;1;1;2022-04-08;2.15600509;41.3621152
Aus;Mastegatatxes;Ficedula hypoleuca;1;1;2022-04-08;2.2556412;42.05633737
Aus;Mastegatatxes;Ficedula hypoleuca;1;1;2022-04-09;2.36997;41.539179
Aus;Mastegatatxes;Ficedula hypoleuca;1;1;2022-04-09;2.753542;41.663565
Aus;Mastegatatxes;Ficedula hypoleuca;2;1;2022-04-09;2.124567032;41.30456991
Aus;Mastegatatxes;Ficedula hypoleuca;1;1;2022-04-09;2.063542;41.285495
Aus;Mastegatatxes;Ficedula hypoleuca;1;1;2022-04-09;1.888575554;41.96894351
Aus;Mastegatatxes;Ficedula hypoleuca;1;1;2022-04-09;1.67846364;41.91604698
Aus;Mastegatatxes;Ficedula hypoleuca;1;1;2022-04-09;1.880134451;42.0507874
Aus;Mastegatatxes;Ficedula hypoleuca;1;1;2022-04-09;3.15070177;42.37387043
Aus;Mastegatatxes;Ficedula hypoleuca;1;1;2022-04-09;3.18681951;42.26574446
Aus;Mastegatatxes;Ficedula hypoleuca;1;1;2022-04-10;2.26238;41.940289
Aus;Mastegatatxes;Ficedula hypoleuca;1;1;2022-04-10;2.29014449;41.99877954
Aus;Mastegatatxes;Ficedula hypoleuca;1;1;2022-04-10;2.208966879;41.92970595
Aus;Mastegatatxes;Ficedula hypoleuca;2;1;2022-04-10;2.34484037;41.60654261
Aus;Mastegatatxes;Ficedula hypoleuca;1;1;2022-04-10;2.15600509;41.3621152
Aus;Mastegatatxes;Ficedula hypoleuca;1;1;2022-04-10;2.057658838;41.28674259
Aus;Mastegatatxes;Ficedula hypoleuca;1;1;2022-04-10;0.738481;40.64411
Aus;Mastegatatxes;Ficedula hypoleuca;1;1;2022-04-10;1.160645485;41.10031035
Aus;Mastegatatxes;Ficedula hypoleuca;1;1;2022-04-10;1.164722443;41.14485875
Aus;Mastegatatxes;Ficedula hypoleuca;1;1;2022-04-10;2.26813895;42.020392
Aus;Mastegatatxes;Ficedula hypoleuca;1;1;2022-04-10;2.279708;42.06549735
Aus;Mastegatatxes;Ficedula hypoleuca;1;1;2022-04-10;2.474840198;42.17449683
Aus;Mastegatatxes;Ficedula hypoleuca;1;1;2022-04-10;2.19350914;42.1910119
Aus;Mastegatatxes;Ficedula hypoleuca;1;1;2022-04-10;3.07764886;42.22984559
Aus;Mastegatatxes;Ficedula hypoleuca;2;2;2022-04-11;2.040788807;41.27464296
Aus;Mastegatatxes;Ficedula hypoleuca;2;1;2022-04-11;0.77072147;40.65314988
Aus;Mastegatatxes;Ficedula hypoleuca;1;1;2022-04-11;0.69334;40.654916
Aus;Mastegatatxes;Ficedula hypoleuca;1;1;2022-04-11;1.09757352;41.16934148
Aus;Mastegatatxes;Ficedula hypoleuca;1;1;2022-04-11;1.291172504;41.33989373
Aus;Mastegatatxes;Ficedula hypoleuca;1;1;2022-04-11;2.071419;42.045302
Aus;Mastegatatxes;Ficedula hypoleuca;1;1;2022-04-11;2.27960618;42.0745031
Aus;Mastegatatxes;Ficedula hypoleuca;1;1;2022-04-11;2.15670131;42.22677181
Aus;Mastegatatxes;Ficedula hypoleuca;1;1;2022-04-11;2.698608;42.195438
Aus;Mastegatatxes;Ficedula hypoleuca;1;1;2022-04-12;2.222113;41.963291
Aus;Mastegatatxes;Ficedula hypoleuca;1;1;2022-04-12;2.140370884;41.62002387
Aus;Mastegatatxes;Ficedula hypoleuca;1;1;2022-04-12;2.370056;41.539271
Aus;Mastegatatxes;Ficedula hypoleuca;2;1;2022-04-12;2.35675108;41.61561699
Aus;Mastegatatxes;Ficedula hypoleuca;1;1;2022-04-12;2.582817078;41.72603827
Aus;Mastegatatxes;Ficedula hypoleuca;3;1;2022-04-12;2.194132805;41.45559314
Aus;Mastegatatxes;Ficedula hypoleuca;1;1;2022-04-12;0.506637096;41.24112595
Aus;Mastegatatxes;Ficedula hypoleuca;1;1;2022-04-12;1.85478598;41.49462035
Aus;Mastegatatxes;Ficedula hypoleuca;1;1;2022-04-12;1.60326767;41.49184056
Aus;Mastegatatxes;Ficedula hypoleuca;2;1;2022-04-12;1.52029196;41.97716163
Aus;Mastegatatxes;Ficedula hypoleuca;2;1;2022-04-12;1.521364;41.976543
Aus;Mastegatatxes;Ficedula hypoleuca;2;1;2022-04-12;0.503139;41.532082
Aus;Mastegatatxes;Ficedula hypoleuca;1;1;2022-04-12;0.739164701;41.7107092
Aus;Mastegatatxes;Ficedula hypoleuca;1;1;2022-04-12;0.489964;41.519756
Aus;Mastegatatxes;Ficedula hypoleuca;1;1;2022-04-12;0.975251;42.245109
Aus;Mastegatatxes;Ficedula hypoleuca;1;1;2022-04-12;0.975239;42.246011
Aus;Mastegatatxes;Ficedula hypoleuca;1;1;2022-04-12;0.973882;42.24522
Aus;Mastegatatxes;Ficedula hypoleuca;2;1;2022-04-12;0.972295;42.24638
Aus;Mastegatatxes;Ficedula hypoleuca;1;1;2022-04-12;0.975929;42.246407
Aus;Mastegatatxes;Ficedula hypoleuca;4;1;2022-04-12;0.976407;42.246765
Aus;Mastegatatxes;Ficedula hypoleuca;1;1;2022-04-12;0.980813;42.251636
Aus;Mastegatatxes;Ficedula hypoleuca;1;1;2022-04-12;1.047032;42.328254
Aus;Mastegatatxes;Ficedula hypoleuca;2;1;2022-04-12;1.473345455;42.35771854
Aus;Mastegatatxes;Ficedula hypoleuca;4;1;2022-04-12;1.880134451;42.0507874
Aus;Mastegatatxes;Ficedula hypoleuca;1;1;2022-04-12;2.24892;42.040436
Aus;Mastegatatxes;Ficedula hypoleuca;1;1;2022-04-12;2.376027813;42.04389735
Aus;Mastegatatxes;Ficedula hypoleuca;1;1;2022-04-12;2.472868485;42.18378791
Aus;Mastegatatxes;Ficedula hypoleuca;3;1;2022-04-12;2.15670131;42.22677181
Aus;Mastegatatxes;Ficedula hypoleuca;1;1;2022-04-12;2.14409815;42.26270282
Aus;Mastegatatxes;Ficedula hypoleuca;2;1;2022-04-12;2.14385442;42.2807131
Aus;Mastegatatxes;Ficedula hypoleuca;1;1;2022-04-12;2.906190895;42.39821518
Aus;Mastegatatxes;Ficedula hypoleuca;1;1;2022-04-12;2.73848608;42.19354883
Aus;Mastegatatxes;Ficedula hypoleuca;3;1;2022-04-13;2.812746763;41.98909015
Aus;Mastegatatxes;Ficedula hypoleuca;1;1;2022-04-13;2.816332;41.989349
Aus;Mastegatatxes;Ficedula hypoleuca;1;1;2022-04-13;2.927447;41.838724
Aus;Mastegatatxes;Ficedula hypoleuca;2;1;2022-04-13;2.834416;41.874029
Aus;Mastegatatxes;Ficedula hypoleuca;1;1;2022-04-13;2.252999066;41.93562359
Aus;Mastegatatxes;Ficedula hypoleuca;1;1;2022-04-13;2.290058114;41.99874012
Aus;Mastegatatxes;Ficedula hypoleuca;1;1;2022-04-13;2.34456682;41.63356235
Aus;Mastegatatxes;Ficedula hypoleuca;2;1;2022-04-13;2.2963505;41.65129142
Aus;Mastegatatxes;Ficedula hypoleuca;1;1;2022-04-13;2.294999;41.650036
Aus;Mastegatatxes;Ficedula hypoleuca;1;1;2022-04-13;2.295434;41.649034
Aus;Mastegatatxes;Ficedula hypoleuca;2;1;2022-04-13;2.020044;41.556888
Aus;Mastegatatxes;Ficedula hypoleuca;1;1;2022-04-13;2.02153347;41.55921003
Aus;Mastegatatxes;Ficedula hypoleuca;4;1;2022-04-13;2.34484037;41.60654261
Aus;Mastegatatxes;Ficedula hypoleuca;1;1;2022-04-13;2.777292401;41.65009371
Aus;Mastegatatxes;Ficedula hypoleuca;1;1;2022-04-13;1.160645485;41.10031035
Aus;Mastegatatxes;Ficedula hypoleuca;1;1;2022-04-13;1.66683646;41.31245104
Aus;Mastegatatxes;Ficedula hypoleuca;5;1;2022-04-13;1.842226982;41.77652856
Aus;Mastegatatxes;Ficedula hypoleuca;2;1;2022-04-13;1.8381285;41.75565458
Aus;Mastegatatxes;Ficedula hypoleuca;1;1;2022-04-13;1.308950186;41.83112825
Aus;Mastegatatxes;Ficedula hypoleuca;1;1;2022-04-13;0.969254;42.241738
Aus;Mastegatatxes;Ficedula hypoleuca;1;1;2022-04-13;0.969796;42.242457
Aus;Mastegatatxes;Ficedula hypoleuca;1;1;2022-04-13;1.1528804;42.57521794
Aus;Mastegatatxes;Ficedula hypoleuca;3;2;2022-04-13;1.049027;42.327443
Aus;Mastegatatxes;Ficedula hypoleuca;1;1;2022-04-13;1.46275;42.36668
Aus;Mastegatatxes;Ficedula hypoleuca;14;1;2022-04-13;1.473345455;42.35771854
Aus;Mastegatatxes;Ficedula hypoleuca;2;1;2022-04-13;1.8411122;42.06422088
Aus;Mastegatatxes;Ficedula hypoleuca;3;1;2022-04-13;2.24345008;42.06526405
Aus;Mastegatatxes;Ficedula hypoleuca;1;1;2022-04-13;2.24417956;42.05471336
Aus;Mastegatatxes;Ficedula hypoleuca;1;1;2022-04-13;2.28041949;42.00245669
Aus;Mastegatatxes;Ficedula hypoleuca;6;1;2022-04-13;2.2556412;42.05633737
Aus;Mastegatatxes;Ficedula hypoleuca;1;1;2022-04-13;2.15670131;42.22677181
Aus;Mastegatatxes;Ficedula hypoleuca;3;1;2022-04-13;3.101272;42.21365
Aus;Mastegatatxes;Ficedula hypoleuca;0;1;2022-04-13;3.09553;42.218009
Aus;Mastegatatxes;Ficedula hypoleuca;1;1;2022-04-13;3.009166;42.33932
Aus;Mastegatatxes;Ficedula hypoleuca;2;1;2022-04-13;3.10211804;42.373924
Aus;Mastegatatxes;Ficedula hypoleuca;1;1;2022-04-13;3.00494817;42.34695134
Aus;Mastegatatxes;Ficedula hypoleuca;1;1;2022-04-14;3.055615425;41.81287488
Aus;Mastegatatxes;Ficedula hypoleuca;2;1;2022-04-14;2.27949929;41.9619936
Aus;Mastegatatxes;Ficedula hypoleuca;7;3;2022-04-14;2.29014449;41.99877954
Aus;Mastegatatxes;Ficedula hypoleuca;1;1;2022-04-14;2.29490277;41.64768893
Aus;Mastegatatxes;Ficedula hypoleuca;1;1;2022-04-14;2.16600177;41.51531279
Aus;Mastegatatxes;Ficedula hypoleuca;1;1;2022-04-14;2.486869939;41.57224568
Aus;Mastegatatxes;Ficedula hypoleuca;1;1;2022-04-14;2.42955601;41.52592938
Aus;Mastegatatxes;Ficedula hypoleuca;1;1;2022-04-14;2.269426;41.472693
Aus;Mastegatatxes;Ficedula hypoleuca;1;1;2022-04-14;2.0835196;41.41560506
Aus;Mastegatatxes;Ficedula hypoleuca;1;1;2022-04-14;2.186428047;41.40381912
Aus;Mastegatatxes;Ficedula hypoleuca;1;1;2022-04-14;2.15102;41.435008
Aus;Mastegatatxes;Ficedula hypoleuca;0;1;2022-04-14;2.1564224;41.36405486
Aus;Mastegatatxes;Ficedula hypoleuca;1;1;2022-04-14;2.071310841;41.32009766
Aus;Mastegatatxes;Ficedula hypoleuca;1;1;2022-04-14;2.116128074;41.31260889
Aus;Mastegatatxes;Ficedula hypoleuca;1;1;2022-04-14;2.12244884;41.30397309
Aus;Mastegatatxes;Ficedula hypoleuca;6;2;2022-04-14;2.06451242;41.28242117
Aus;Mastegatatxes;Ficedula hypoleuca;3;1;2022-04-14;2.128000259;41.3060851
Aus;Mastegatatxes;Ficedula hypoleuca;1;1;2022-04-14;0.532477272;40.61073154
Aus;Mastegatatxes;Ficedula hypoleuca;1;1;2022-04-14;0.541239636;40.61115019
Aus;Mastegatatxes;Ficedula hypoleuca;1;1;2022-04-14;0.780072;40.654353
Aus;Mastegatatxes;Ficedula hypoleuca;1;1;2022-04-14;0.756887197;40.64639184
Aus;Mastegatatxes;Ficedula hypoleuca;2;1;2022-04-14;0.762219;40.649357
Aus;Mastegatatxes;Ficedula hypoleuca;1;1;2022-04-14;0.697568;40.667925
Aus;Mastegatatxes;Ficedula hypoleuca;0;1;2022-04-14;0.700759682;40.6636894
Aus;Mastegatatxes;Ficedula hypoleuca;2;1;2022-04-14;0.703596;40.660876
Aus;Mastegatatxes;Ficedula hypoleuca;1;1;2022-04-14;0.6859185;40.65357946
Aus;Mastegatatxes;Ficedula hypoleuca;2;1;2022-04-14;0.513095856;41.49718357
Aus;Mastegatatxes;Ficedula hypoleuca;2;1;2022-04-14;1.72812994;41.23207792
Aus;Mastegatatxes;Ficedula hypoleuca;3;1;2022-04-14;1.98410511;41.27351685
Aus;Mastegatatxes;Ficedula hypoleuca;1;1;2022-04-14;1.101381;41.279904
Aus;Mastegatatxes;Ficedula hypoleuca;1;1;2022-04-14;1.00014708;41.62703841
Aus;Mastegatatxes;Ficedula hypoleuca;1;1;2022-04-14;1.81868902;41.50326234
Aus;Mastegatatxes;Ficedula hypoleuca;2;1;2022-04-14;1.80020334;41.85433799
Aus;Mastegatatxes;Ficedula hypoleuca;1;1;2022-04-14;1.308950186;41.83112825
Aus;Mastegatatxes;Ficedula hypoleuca;1;1;2022-04-14;1.21038013;41.837654
Aus;Mastegatatxes;Ficedula hypoleuca;1;1;2022-04-14;1.026012;41.886136
Aus;Mastegatatxes;Ficedula hypoleuca;8;2;2022-04-14;0.9497236;41.68215179
Aus;Mastegatatxes;Ficedula hypoleuca;1;1;2022-04-14;0.974798;42.224125
Aus;Mastegatatxes;Ficedula hypoleuca;2;1;2022-04-14;0.97464;42.223038
Aus;Mastegatatxes;Ficedula hypoleuca;1;1;2022-04-14;1.233089467;42.60418316
Aus;Mastegatatxes;Ficedula hypoleuca;1;1;2022-04-14;1.048829;42.328454
Aus;Mastegatatxes;Ficedula hypoleuca;1;1;2022-04-14;1.043468;42.317325
Aus;Mastegatatxes;Ficedula hypoleuca;1;1;2022-04-14;1.890894;42.233398
Aus;Mastegatatxes;Ficedula hypoleuca;1;1;2022-04-14;2.20645749;42.07648833
Aus;Mastegatatxes;Ficedula hypoleuca;0;1;2022-04-14;2.258598;42.027318
Aus;Mastegatatxes;Ficedula hypoleuca;2;1;2022-04-14;2.253136;42.059952
Aus;Mastegatatxes;Ficedula hypoleuca;1;1;2022-04-14;2.370469272;42.26200596
Aus;Mastegatatxes;Ficedula hypoleuca;1;1;2022-04-14;2.371083;42.261828
Aus;Mastegatatxes;Ficedula hypoleuca;1;1;2022-04-14;2.702917;42.196522
Aus;Mastegatatxes;Ficedula hypoleuca;1;1;2022-04-14;3.135067;42.058009
Aus;Mastegatatxes;Ficedula hypoleuca;2;1;2022-04-14;3.07763783;42.22083938
Aus;Mastegatatxes;Ficedula hypoleuca;1;1;2022-04-14;3.10312913;42.24194786
Aus;Mastegatatxes;Ficedula hypoleuca;1;1;2022-04-15;3.054135;41.801616
Aus;Mastegatatxes;Ficedula hypoleuca;2;1;2022-04-15;3.187829;41.996243
Aus;Mastegatatxes;Ficedula hypoleuca;1;1;2022-04-15;2.797213;41.984847
Aus;Mastegatatxes;Ficedula hypoleuca;1;1;2022-04-15;2.93557;41.809657
Aus;Mastegatatxes;Ficedula hypoleuca;6;1;2022-04-15;2.31702717;41.96665422
Aus;Mastegatatxes;Ficedula hypoleuca;2;2;2022-04-15;2.29014449;41.99877954
Aus;Mastegatatxes;Ficedula hypoleuca;1;1;2022-04-15;2.138279701;41.78033973
Aus;Mastegatatxes;Ficedula hypoleuca;1;1;2022-04-15;2.18940537;41.56051608
Aus;Mastegatatxes;Ficedula hypoleuca;1;1;2022-04-15;2.20139663;41.5606
Aus;Mastegatatxes;Ficedula hypoleuca;1;1;2022-04-15;2.35019;41.548643
Aus;Mastegatatxes;Ficedula hypoleuca;1;1;2022-04-15;2.768791;41.692812
Aus;Mastegatatxes;Ficedula hypoleuca;1;1;2022-04-15;2.763388;41.704101
Aus;Mastegatatxes;Ficedula hypoleuca;1;1;2022-04-15;2.233057;41.45927
Aus;Mastegatatxes;Ficedula hypoleuca;1;1;2022-04-15;2.232493;41.459308
Aus;Mastegatatxes;Ficedula hypoleuca;1;1;2022-04-15;2.140552;41.436644
Aus;Mastegatatxes;Ficedula hypoleuca;2;1;2022-04-15;2.104765255;41.36740402
Aus;Mastegatatxes;Ficedula hypoleuca;2;1;2022-04-15;2.056779449;41.32387652
Aus;Mastegatatxes;Ficedula hypoleuca;3;1;2022-04-15;2.124567032;41.30456991
Aus;Mastegatatxes;Ficedula hypoleuca;2;1;2022-04-15;2.06451242;41.28242117
Aus;Mastegatatxes;Ficedula hypoleuca;2;1;2022-04-15;2.06153341;41.28031618
Aus;Mastegatatxes;Ficedula hypoleuca;1;1;2022-04-15;0.779815;40.654222
Aus;Mastegatatxes;Ficedula hypoleuca;1;1;2022-04-15;0.774922;40.659529
Aus;Mastegatatxes;Ficedula hypoleuca;1;1;2022-04-15;0.506637096;41.24112595
Aus;Mastegatatxes;Ficedula hypoleuca;3;1;2022-04-15;1.175773144;41.08329768
Aus;Mastegatatxes;Ficedula hypoleuca;1;1;2022-04-15;1.160645485;41.10031035
Aus;Mastegatatxes;Ficedula hypoleuca;2;1;2022-04-15;1.389899;41.133531
Aus;Mastegatatxes;Ficedula hypoleuca;7;2;2022-04-15;1.72812994;41.23207792
Aus;Mastegatatxes;Ficedula hypoleuca;3;1;2022-04-15;1.69000235;41.34874634
Aus;Mastegatatxes;Ficedula hypoleuca;1;1;2022-04-15;1.98410511;41.27351685
Aus;Mastegatatxes;Ficedula hypoleuca;2;1;2022-04-15;1.96269;41.287426
Aus;Mastegatatxes;Ficedula hypoleuca;1;1;2022-04-15;1.2959243;41.33457781
Aus;Mastegatatxes;Ficedula hypoleuca;1;1;2022-04-15;1.08199526;41.70048578
Aus;Mastegatatxes;Ficedula hypoleuca;1;1;2022-04-15;1.149787;41.65105
Aus;Mastegatatxes;Ficedula hypoleuca;1;1;2022-04-15;1.859818396;41.53229122
Aus;Mastegatatxes;Ficedula hypoleuca;1;1;2022-04-15;1.90998225;41.77437233
Aus;Mastegatatxes;Ficedula hypoleuca;1;1;2022-04-15;1.970006;41.764749
Aus;Mastegatatxes;Ficedula hypoleuca;1;1;2022-04-15;1.10986667;42.38540321
Aus;Mastegatatxes;Ficedula hypoleuca;2;1;2022-04-15;1.43884651;42.34532811
Aus;Mastegatatxes;Ficedula hypoleuca;1;1;2022-04-15;1.46289922;42.35465887
Aus;Mastegatatxes;Ficedula hypoleuca;2;2;2022-04-15;1.8411122;42.06422088
Aus;Mastegatatxes;Ficedula hypoleuca;2;1;2022-04-15;2.067073;42.001674
Aus;Mastegatatxes;Ficedula hypoleuca;7;1;2022-04-15;2.24766436;42.04205522
Aus;Mastegatatxes;Ficedula hypoleuca;1;1;2022-04-15;2.317528;42.02146184
Aus;Mastegatatxes;Ficedula hypoleuca;5;1;2022-04-15;2.46023992;42.15655203
Aus;Mastegatatxes;Ficedula hypoleuca;1;1;2022-04-15;2.90774297;42.40095025
Aus;Mastegatatxes;Ficedula hypoleuca;1;1;2022-04-15;3.059947717;42.13253425
Aus;Mastegatatxes;Ficedula hypoleuca;1;1;2022-04-15;3.098080158;42.20940028
Aus;Mastegatatxes;Ficedula hypoleuca;1;1;2022-04-15;3.100161859;42.21414352
Aus;Mastegatatxes;Ficedula hypoleuca;1;1;2022-04-15;3.09913;42.21527
Aus;Mastegatatxes;Ficedula hypoleuca;1;1;2022-04-15;3.155825;42.370381
Aus;Mastegatatxes;Ficedula hypoleuca;4;1;2022-04-15;3.113741554;42.34245275
Aus;Mastegatatxes;Ficedula hypoleuca;1;1;2022-04-16;3.055615425;41.81287488
Aus;Mastegatatxes;Ficedula hypoleuca;1;1;2022-04-16;3.182387;41.907688
Aus;Mastegatatxes;Ficedula hypoleuca;1;1;2022-04-16;2.81862051;41.98784361
Aus;Mastegatatxes;Ficedula hypoleuca;1;1;2022-04-16;2.812746763;41.98909015
Aus;Mastegatatxes;Ficedula hypoleuca;4;1;2022-04-16;2.809058;41.989955
Aus;Mastegatatxes;Ficedula hypoleuca;1;1;2022-04-16;2.811635;41.987894
Aus;Mastegatatxes;Ficedula hypoleuca;4;1;2022-04-16;2.803244762;41.99073109
Aus;Mastegatatxes;Ficedula hypoleuca;5;1;2022-04-16;2.78722237;41.98364668
Aus;Mastegatatxes;Ficedula hypoleuca;2;1;2022-04-16;2.833424;41.875307
Aus;Mastegatatxes;Ficedula hypoleuca;1;1;2022-04-16;2.93263938;41.84257186
Aus;Mastegatatxes;Ficedula hypoleuca;2;1;2022-04-16;2.930566;41.843638
Aus;Mastegatatxes;Ficedula hypoleuca;1;1;2022-04-16;2.28680008;41.88510465
Aus;Mastegatatxes;Ficedula hypoleuca;1;1;2022-04-16;2.220727615;41.92278182
Aus;Mastegatatxes;Ficedula hypoleuca;2;1;2022-04-16;2.24763751;41.92445638
Aus;Mastegatatxes;Ficedula hypoleuca;1;1;2022-04-16;2.13361;41.526241
Aus;Mastegatatxes;Ficedula hypoleuca;1;1;2022-04-16;2.150467;41.549612
Aus;Mastegatatxes;Ficedula hypoleuca;1;1;2022-04-16;2.468178;41.555705
Aus;Mastegatatxes;Ficedula hypoleuca;1;1;2022-04-16;2.678165;41.712305
Aus;Mastegatatxes;Ficedula hypoleuca;1;1;2022-04-16;2.627213;41.684096
Aus;Mastegatatxes;Ficedula hypoleuca;2;1;2022-04-16;2.226296;41.446163
Aus;Mastegatatxes;Ficedula hypoleuca;4;1;2022-04-16;2.194132805;41.45559314
Aus;Mastegatatxes;Ficedula hypoleuca;1;1;2022-04-16;2.056436126;41.48507918
Aus;Mastegatatxes;Ficedula hypoleuca;2;1;2022-04-16;2.146528211;41.39951903
Aus;Mastegatatxes;Ficedula hypoleuca;2;1;2022-04-16;2.06305606;41.27904951
Aus;Mastegatatxes;Ficedula hypoleuca;2;1;2022-04-16;0.774969;40.659693
Aus;Mastegatatxes;Ficedula hypoleuca;1;1;2022-04-16;0.84985096;40.72362286
Aus;Mastegatatxes;Ficedula hypoleuca;1;1;2022-04-16;0.594555257;40.67200993
Aus;Mastegatatxes;Ficedula hypoleuca;1;1;2022-04-16;1.53445286;41.35587753
Aus;Mastegatatxes;Ficedula hypoleuca;1;1;2022-04-16;1.633272171;41.25890422
Aus;Mastegatatxes;Ficedula hypoleuca;1;1;2022-04-16;1.96587801;41.2885041
Aus;Mastegatatxes;Ficedula hypoleuca;1;1;2022-04-16;1.976417;41.285779
Aus;Mastegatatxes;Ficedula hypoleuca;3;1;2022-04-16;1.291172504;41.33989373
Aus;Mastegatatxes;Ficedula hypoleuca;1;1;2022-04-16;1.050624;41.334469
Aus;Mastegatatxes;Ficedula hypoleuca;1;1;2022-04-16;1.06175332;41.57405459
Aus;Mastegatatxes;Ficedula hypoleuca;1;1;2022-04-16;1.35599793;41.79479898
Aus;Mastegatatxes;Ficedula hypoleuca;1;1;2022-04-16;1.310487;41.835594
Aus;Mastegatatxes;Ficedula hypoleuca;1;1;2022-04-16;0.948149922;41.68266304
Aus;Mastegatatxes;Ficedula hypoleuca;1;1;2022-04-16;0.65488604;41.54845987
Aus;Mastegatatxes;Ficedula hypoleuca;1;1;2022-04-16;0.527279;41.612654
Aus;Mastegatatxes;Ficedula hypoleuca;1;1;2022-04-16;0.84216699;42.398686
Aus;Mastegatatxes;Ficedula hypoleuca;1;1;2022-04-16;0.99687252;42.50055384
Aus;Mastegatatxes;Ficedula hypoleuca;1;1;2022-04-16;1.86284952;42.39534722
Aus;Mastegatatxes;Ficedula hypoleuca;2;1;2022-04-16;2.02577479;42.0726289
Aus;Mastegatatxes;Ficedula hypoleuca;2;2;2022-04-16;2.21905758;42.08311339
Aus;Mastegatatxes;Ficedula hypoleuca;2;1;2022-04-16;2.263136714;42.02975941
Aus;Mastegatatxes;Ficedula hypoleuca;1;1;2022-04-16;2.31235876;42.39892502
Aus;Mastegatatxes;Ficedula hypoleuca;1;1;2022-04-16;2.316724;42.398394
Aus;Mastegatatxes;Ficedula hypoleuca;2;1;2022-04-16;2.829398;42.17433
Aus;Mastegatatxes;Ficedula hypoleuca;1;1;2022-04-16;3.19269655;42.04628209
Aus;Mastegatatxes;Ficedula hypoleuca;3;1;2022-04-16;3.10156842;42.21348961
Aus;Mastegatatxes;Ficedula hypoleuca;1;1;2022-04-16;3.091309;42.213033
Aus;Mastegatatxes;Ficedula hypoleuca;2;1;2022-04-16;3.06551194;42.21184071
Aus;Mastegatatxes;Ficedula hypoleuca;2;1;2022-04-16;3.02923389;42.35595375
Aus;Mastegatatxes;Ficedula hypoleuca;1;1;2022-04-16;3.02919;42.353918
Aus;Mastegatatxes;Ficedula hypoleuca;1;1;2022-04-17;3.030888;41.809116
Aus;Mastegatatxes;Ficedula hypoleuca;1;1;2022-04-17;3.055615425;41.81287488
Aus;Mastegatatxes;Ficedula hypoleuca;1;1;2022-04-17;2.617997639;41.96565993
Aus;Mastegatatxes;Ficedula hypoleuca;1;1;2022-04-17;2.262295982;41.71313381
Aus;Mastegatatxes;Ficedula hypoleuca;1;1;2022-04-17;2.171206;41.613314
Aus;Mastegatatxes;Ficedula hypoleuca;1;1;2022-04-17;2.776607;41.650453
Aus;Mastegatatxes;Ficedula hypoleuca;1;1;2022-04-17;2.230654;41.421983
Aus;Mastegatatxes;Ficedula hypoleuca;1;1;2022-04-17;2.122679;41.307919
Aus;Mastegatatxes;Ficedula hypoleuca;2;1;2022-04-17;2.118776486;41.30394901
Aus;Mastegatatxes;Ficedula hypoleuca;1;1;2022-04-17;2.122366;41.303946
Aus;Mastegatatxes;Ficedula hypoleuca;1;1;2022-04-17;2.009758;41.288861
Aus;Mastegatatxes;Ficedula hypoleuca;1;1;2022-04-17;0.780318;40.654538
Aus;Mastegatatxes;Ficedula hypoleuca;5;1;2022-04-17;0.594555257;40.67200993
Aus;Mastegatatxes;Ficedula hypoleuca;1;1;2022-04-17;0.509985;40.797454
Aus;Mastegatatxes;Ficedula hypoleuca;1;1;2022-04-17;0.636920436;41.25230612
Aus;Mastegatatxes;Ficedula hypoleuca;2;1;2022-04-17;1.175773144;41.08329768
Aus;Mastegatatxes;Ficedula hypoleuca;2;1;2022-04-17;1.160645485;41.10031035
Aus;Mastegatatxes;Ficedula hypoleuca;1;1;2022-04-17;1.308950186;41.83112825
Aus;Mastegatatxes;Ficedula hypoleuca;1;1;2022-04-17;0.70527353;42.81926151
Aus;Mastegatatxes;Ficedula hypoleuca;2;1;2022-04-17;1.89836;42.244647
Aus;Mastegatatxes;Ficedula hypoleuca;2;1;2022-04-17;2.18128325;42.19993147
Aus;Mastegatatxes;Ficedula hypoleuca;1;1;2022-04-17;2.373162401;42.26664315
Aus;Mastegatatxes;Ficedula hypoleuca;1;1;2022-04-17;2.377033;42.267618
Aus;Mastegatatxes;Ficedula hypoleuca;1;1;2022-04-17;2.927488;42.31366
Aus;Mastegatatxes;Ficedula hypoleuca;1;1;2022-04-17;2.920502;42.314713
Aus;Mastegatatxes;Ficedula hypoleuca;14;1;2022-04-17;2.90466451;42.31699913
Aus;Mastegatatxes;Ficedula hypoleuca;1;1;2022-04-17;2.827879;42.367961
Aus;Mastegatatxes;Ficedula hypoleuca;1;1;2022-04-17;2.50459974;42.18787782
Aus;Mastegatatxes;Ficedula hypoleuca;3;1;2022-04-17;3.09478387;42.221556
Aus;Mastegatatxes;Ficedula hypoleuca;1;1;2022-04-17;3.093721;42.220502
Aus;Mastegatatxes;Ficedula hypoleuca;2;1;2022-04-17;3.09762476;42.21731168
Aus;Mastegatatxes;Ficedula hypoleuca;2;1;2022-04-17;3.096371;42.217438
Aus;Mastegatatxes;Ficedula hypoleuca;2;1;2022-04-17;3.095194366;42.21837209
Aus;Mastegatatxes;Ficedula hypoleuca;0;1;2022-04-17;3.12230996;42.27015435
Aus;Mastegatatxes;Ficedula hypoleuca;1;1;2022-04-17;3.062063;42.288526
Aus;Mastegatatxes;Ficedula hypoleuca;1;1;2022-04-17;3.06565203;42.34693266
Aus;Mastegatatxes;Ficedula hypoleuca;2;1;2022-04-17;3.10628;42.35289
Aus;Mastegatatxes;Ficedula hypoleuca;1;1;2022-04-17;3.00494817;42.34695134
Aus;Mastegatatxes;Ficedula hypoleuca;1;1;2022-04-17;3.15080955;42.41890003
Aus;Mastegatatxes;Ficedula hypoleuca;1;1;2022-04-18;3.030944467;41.80908843
Aus;Mastegatatxes;Ficedula hypoleuca;1;1;2022-04-18;3.055615425;41.81287488
Aus;Mastegatatxes;Ficedula hypoleuca;1;1;2022-04-18;2.83621106;41.86949522
Aus;Mastegatatxes;Ficedula hypoleuca;1;1;2022-04-18;2.742793;41.80132
Aus;Mastegatatxes;Ficedula hypoleuca;1;1;2022-04-18;2.617997639;41.96565993
Aus;Mastegatatxes;Ficedula hypoleuca;1;1;2022-04-18;2.287192758;41.89020831
Aus;Mastegatatxes;Ficedula hypoleuca;1;1;2022-04-18;2.2571089;41.93025582
Aus;Mastegatatxes;Ficedula hypoleuca;1;1;2022-04-18;2.011019068;41.84943288
Aus;Mastegatatxes;Ficedula hypoleuca;2;1;2022-04-18;2.16484293;41.60537586
Aus;Mastegatatxes;Ficedula hypoleuca;2;1;2022-04-18;2.34484037;41.60654261
Aus;Mastegatatxes;Ficedula hypoleuca;1;1;2022-04-18;2.343134356;41.56497514
Aus;Mastegatatxes;Ficedula hypoleuca;4;1;2022-04-18;2.194132805;41.45559314
Aus;Mastegatatxes;Ficedula hypoleuca;1;1;2022-04-18;2.117045;41.313237
Aus;Mastegatatxes;Ficedula hypoleuca;1;1;2022-04-18;2.11969614;41.30734236
Aus;Mastegatatxes;Ficedula hypoleuca;2;1;2022-04-18;2.06451242;41.28242117
Aus;Mastegatatxes;Ficedula hypoleuca;2;1;2022-04-18;2.047330141;41.30985278
Aus;Mastegatatxes;Ficedula hypoleuca;1;1;2022-04-18;2.125405;41.306086
Aus;Mastegatatxes;Ficedula hypoleuca;9;2;2022-04-18;0.77496185;40.66292393
Aus;Mastegatatxes;Ficedula hypoleuca;1;1;2022-04-18;1.14751277;41.08909011
Aus;Mastegatatxes;Ficedula hypoleuca;1;1;2022-04-18;1.17786429;41.07932822
Aus;Mastegatatxes;Ficedula hypoleuca;1;1;2022-04-18;1.415071;41.157354
Aus;Mastegatatxes;Ficedula hypoleuca;2;1;2022-04-18;1.72812994;41.23207792
Aus;Mastegatatxes;Ficedula hypoleuca;1;1;2022-04-18;1.733359831;41.2306154
Aus;Mastegatatxes;Ficedula hypoleuca;1;1;2022-04-18;1.74992744;41.34040562
Aus;Mastegatatxes;Ficedula hypoleuca;2;1;2022-04-18;1.87066638;41.26959438
Aus;Mastegatatxes;Ficedula hypoleuca;2;1;2022-04-18;1.18037554;41.62102705
Aus;Mastegatatxes;Ficedula hypoleuca;1;1;2022-04-18;1.01298538;41.61878768
Aus;Mastegatatxes;Ficedula hypoleuca;1;1;2022-04-18;1.345875126;41.54103556
Aus;Mastegatatxes;Ficedula hypoleuca;1;1;2022-04-18;0.884668;42.186599
Aus;Mastegatatxes;Ficedula hypoleuca;1;1;2022-04-18;0.772269;42.444264
Aus;Mastegatatxes;Ficedula hypoleuca;2;1;2022-04-18;1.040684;42.318984
Aus;Mastegatatxes;Ficedula hypoleuca;1;1;2022-04-18;2.24334313;42.07426973
Aus;Mastegatatxes;Ficedula hypoleuca;1;1;2022-04-18;2.15670131;42.22677181
Aus;Mastegatatxes;Ficedula hypoleuca;2;1;2022-04-18;2.197718;42.185981
Aus;Mastegatatxes;Ficedula hypoleuca;2;1;2022-04-18;2.195637;42.178383
Aus;Mastegatatxes;Ficedula hypoleuca;1;1;2022-04-18;2.03581416;42.20780706
Aus;Mastegatatxes;Ficedula hypoleuca;1;1;2022-04-18;3.125057;42.080279
Aus;Mastegatatxes;Ficedula hypoleuca;2;1;2022-04-18;3.131125;42.084902
Aus;Mastegatatxes;Ficedula hypoleuca;1;1;2022-04-18;3.131171;42.084906
Aus;Mastegatatxes;Ficedula hypoleuca;1;1;2022-04-18;3.094747064;42.22043882
Aus;Mastegatatxes;Ficedula hypoleuca;1;1;2022-04-18;3.261381;42.316434
Aus;Mastegatatxes;Ficedula hypoleuca;4;1;2022-04-18;3.25979194;42.31963901
Aus;Mastegatatxes;Ficedula hypoleuca;3;1;2022-04-18;3.24762123;42.31065987
Aus;Mastegatatxes;Ficedula hypoleuca;4;1;2022-04-18;3.227064418;42.25051381
Aus;Mastegatatxes;Ficedula hypoleuca;0;1;2022-04-18;3.00494888;42.35595737
Aus;Mastegatatxes;Ficedula hypoleuca;4;1;2022-04-18;3.012281726;42.45764375
Aus;Mastegatatxes;Ficedula hypoleuca;1;1;2022-04-19;3.0650974;41.80654577
Aus;Mastegatatxes;Ficedula hypoleuca;2;1;2022-04-19;2.59453127;41.97697631
Aus;Mastegatatxes;Ficedula hypoleuca;0;1;2022-04-19;2.104134;41.722974
Aus;Mastegatatxes;Ficedula hypoleuca;2;1;2022-04-19;2.117679119;41.38752315
Aus;Mastegatatxes;Ficedula hypoleuca;1;1;2022-04-19;2.148084;41.356794
Aus;Mastegatatxes;Ficedula hypoleuca;2;1;2022-04-19;2.151358;41.358074
Aus;Mastegatatxes;Ficedula hypoleuca;2;1;2022-04-19;2.158419582;41.3617076
Aus;Mastegatatxes;Ficedula hypoleuca;0;1;2022-04-19;2.1564224;41.36405486
Aus;Mastegatatxes;Ficedula hypoleuca;1;1;2022-04-19;2.085205;41.358755
Aus;Mastegatatxes;Ficedula hypoleuca;5;1;2022-04-19;0.782648;40.664833
Aus;Mastegatatxes;Ficedula hypoleuca;3;1;2022-04-19;0.78668315;40.74372221
Aus;Mastegatatxes;Ficedula hypoleuca;1;1;2022-04-19;0.747226;40.672508
Aus;Mastegatatxes;Ficedula hypoleuca;0;1;2022-04-19;1.160645485;41.10031035
Aus;Mastegatatxes;Ficedula hypoleuca;3;1;2022-04-19;1.72812994;41.23207792
Aus;Mastegatatxes;Ficedula hypoleuca;1;1;2022-04-19;1.842226982;41.77652856
Aus;Mastegatatxes;Ficedula hypoleuca;1;1;2022-04-19;1.570005;42.529869
Aus;Mastegatatxes;Ficedula hypoleuca;2;1;2022-04-19;2.20645749;42.07648833
Aus;Mastegatatxes;Ficedula hypoleuca;2;1;2022-04-19;2.904989721;42.39828158
Aus;Mastegatatxes;Ficedula hypoleuca;1;1;2022-04-19;3.105053902;42.24119532
Aus;Mastegatatxes;Ficedula hypoleuca;2;1;2022-04-19;3.06551194;42.21184071
Aus;Mastegatatxes;Ficedula hypoleuca;3;1;2022-04-19;3.103496808;42.19943275
Aus;Mastegatatxes;Ficedula hypoleuca;1;1;2022-04-19;3.29445;42.308404
Aus;Mastegatatxes;Ficedula hypoleuca;1;1;2022-04-19;3.153209;42.328062
Aus;Mastegatatxes;Ficedula hypoleuca;2;1;2022-04-19;3.231494;42.257885
Aus;Mastegatatxes;Ficedula hypoleuca;1;1;2022-04-19;3.118546;42.285472
Aus;Mastegatatxes;Ficedula hypoleuca;1;1;2022-04-19;3.115876;42.272454
Aus;Mastegatatxes;Ficedula hypoleuca;1;1;2022-04-20;3.055615425;41.81287488
Aus;Mastegatatxes;Ficedula hypoleuca;2;1;2022-04-20;2.808402;41.985763
Aus;Mastegatatxes;Ficedula hypoleuca;1;1;2022-04-20;2.324735093;41.93730679
Aus;Mastegatatxes;Ficedula hypoleuca;1;1;2022-04-20;2.28680008;41.88510465
Aus;Mastegatatxes;Ficedula hypoleuca;1;1;2022-04-20;2.29014449;41.99877954
Aus;Mastegatatxes;Ficedula hypoleuca;1;1;2022-04-20;2.283867959;41.99656604
Aus;Mastegatatxes;Ficedula hypoleuca;1;1;2022-04-20;2.396961117;41.63037123
Aus;Mastegatatxes;Ficedula hypoleuca;1;1;2022-04-20;2.06846024;41.63165633
Aus;Mastegatatxes;Ficedula hypoleuca;2;2;2022-04-20;2.064572526;41.53513582
Aus;Mastegatatxes;Ficedula hypoleuca;1;1;2022-04-20;2.139685115;41.52056176
Aus;Mastegatatxes;Ficedula hypoleuca;2;1;2022-04-20;2.506428;41.731997
Aus;Mastegatatxes;Ficedula hypoleuca;1;1;2022-04-20;2.717439;41.713131
Aus;Mastegatatxes;Ficedula hypoleuca;1;1;2022-04-20;2.183994055;41.39353575
Aus;Mastegatatxes;Ficedula hypoleuca;1;1;2022-04-20;2.14147;41.36668
Aus;Mastegatatxes;Ficedula hypoleuca;4;1;2022-04-20;0.778372;40.655814
Aus;Mastegatatxes;Ficedula hypoleuca;3;1;2022-04-20;0.78095027;40.65926503
Aus;Mastegatatxes;Ficedula hypoleuca;1;1;2022-04-20;0.674786;40.657618
Aus;Mastegatatxes;Ficedula hypoleuca;1;1;2022-04-20;1.834931;41.307404
Aus;Mastegatatxes;Ficedula hypoleuca;1;1;2022-04-20;1.985974261;41.36487454
Aus;Mastegatatxes;Ficedula hypoleuca;1;1;2022-04-20;1.436208;41.711098
Aus;Mastegatatxes;Ficedula hypoleuca;1;1;2022-04-20;1.43016239;41.71477752
Aus;Mastegatatxes;Ficedula hypoleuca;2;1;2022-04-20;1.41748298;41.74162337
Aus;Mastegatatxes;Ficedula hypoleuca;2;1;2022-04-20;1.421811;41.745247
Aus;Mastegatatxes;Ficedula hypoleuca;1;1;2022-04-20;1.762133;41.832932
Aus;Mastegatatxes;Ficedula hypoleuca;1;1;2022-04-20;1.045082;41.89441
Aus;Mastegatatxes;Ficedula hypoleuca;1;1;2022-04-20;1.525705;42.510585
Aus;Mastegatatxes;Ficedula hypoleuca;1;1;2022-04-20;1.519181;42.508788
Aus;Mastegatatxes;Ficedula hypoleuca;2;1;2022-04-20;1.825631197;42.41154418
Aus;Mastegatatxes;Ficedula hypoleuca;2;1;2022-04-20;1.8411122;42.06422088
Aus;Mastegatatxes;Ficedula hypoleuca;3;1;2022-04-20;2.20645749;42.07648833
Aus;Mastegatatxes;Ficedula hypoleuca;1;1;2022-04-20;2.166194916;42.23167914
Aus;Mastegatatxes;Ficedula hypoleuca;4;1;2022-04-20;2.711841;42.199492
Aus;Mastegatatxes;Ficedula hypoleuca;1;1;2022-04-20;2.61721152;42.22022695
Aus;Mastegatatxes;Ficedula hypoleuca;2;1;2022-04-20;3.111854684;42.20609131
Aus;Mastegatatxes;Ficedula hypoleuca;1;1;2022-04-20;3.139749;42.342744
Aus;Mastegatatxes;Ficedula hypoleuca;1;1;2022-04-20;3.111791;42.288339
Aus;Mastegatatxes;Ficedula hypoleuca;1;1;2022-04-20;3.117417;42.275194
Aus;Mastegatatxes;Ficedula hypoleuca;1;1;2022-04-20;3.115279;42.272183
Aus;Mastegatatxes;Ficedula hypoleuca;1;1;2022-04-21;2.813677;41.988255
Aus;Mastegatatxes;Ficedula hypoleuca;3;1;2022-04-21;2.872441711;41.84246605
Aus;Mastegatatxes;Ficedula hypoleuca;1;1;2022-04-21;2.28680008;41.88510465
Aus;Mastegatatxes;Ficedula hypoleuca;1;1;2022-04-21;2.265465;41.938288
Aus;Mastegatatxes;Ficedula hypoleuca;2;1;2022-04-21;2.29014449;41.99877954
Aus;Mastegatatxes;Ficedula hypoleuca;1;1;2022-04-21;2.22692;41.925328
Aus;Mastegatatxes;Ficedula hypoleuca;1;1;2022-04-21;2.443347;41.591442
Aus;Mastegatatxes;Ficedula hypoleuca;3;1;2022-04-21;2.505916;41.732416
Aus;Mastegatatxes;Ficedula hypoleuca;2;1;2022-04-21;2.183994055;41.39353575
Aus;Mastegatatxes;Ficedula hypoleuca;1;1;2022-04-21;2.153223;41.358534
Aus;Mastegatatxes;Ficedula hypoleuca;1;1;2022-04-21;2.153236;41.358534
Aus;Mastegatatxes;Ficedula hypoleuca;1;1;2022-04-21;2.06036973;41.36137403
Aus;Mastegatatxes;Ficedula hypoleuca;1;1;2022-04-21;2.087653651;41.31168631
Aus;Mastegatatxes;Ficedula hypoleuca;4;1;2022-04-21;0.65372741;40.57043805
Aus;Mastegatatxes;Ficedula hypoleuca;1;1;2022-04-21;0.776232;40.658274
Aus;Mastegatatxes;Ficedula hypoleuca;2;1;2022-04-21;0.77532;40.659909
Aus;Mastegatatxes;Ficedula hypoleuca;1;1;2022-04-21;0.694805;40.658964
Aus;Mastegatatxes;Ficedula hypoleuca;1;1;2022-04-21;0.739815;40.640724
Aus;Mastegatatxes;Ficedula hypoleuca;3;1;2022-04-21;1.13561275;41.08889811
Aus;Mastegatatxes;Ficedula hypoleuca;0;2;2022-04-21;1.175773144;41.08329768
Aus;Mastegatatxes;Ficedula hypoleuca;1;1;2022-04-21;1.60326767;41.49184056
Aus;Mastegatatxes;Ficedula hypoleuca;3;1;2022-04-21;1.976119337;41.53885057
Aus;Mastegatatxes;Ficedula hypoleuca;2;1;2022-04-21;1.451587376;42.35830521
Aus;Mastegatatxes;Ficedula hypoleuca;2;1;2022-04-21;2.20645749;42.07648833
Aus;Mastegatatxes;Ficedula hypoleuca;1;1;2022-04-21;2.213211;42.219621
Aus;Mastegatatxes;Ficedula hypoleuca;2;1;2022-04-21;2.503264;42.192954
Aus;Mastegatatxes;Ficedula hypoleuca;4;1;2022-04-21;2.53253162;42.20190067
Aus;Mastegatatxes;Ficedula hypoleuca;1;1;2022-04-21;3.093207;42.221907
Aus;Mastegatatxes;Ficedula hypoleuca;2;1;2022-04-21;3.097436;42.212889
Aus;Mastegatatxes;Ficedula hypoleuca;1;1;2022-04-21;3.096685;42.217174
Aus;Mastegatatxes;Ficedula hypoleuca;5;1;2022-04-21;3.13855585;42.37388575
Aus;Mastegatatxes;Ficedula hypoleuca;6;1;2022-04-21;3.16640685;42.32336995
Aus;Mastegatatxes;Ficedula hypoleuca;1;1;2022-04-22;3.043786559;41.80687293
Aus;Mastegatatxes;Ficedula hypoleuca;1;1;2022-04-22;3.055615425;41.81287488
Aus;Mastegatatxes;Ficedula hypoleuca;1;1;2022-04-22;2.88192346;41.83963973
Aus;Mastegatatxes;Ficedula hypoleuca;2;1;2022-04-22;2.83851404;41.86413945
Aus;Mastegatatxes;Ficedula hypoleuca;2;2;2022-04-22;2.28680008;41.88510465
Aus;Mastegatatxes;Ficedula hypoleuca;2;1;2022-04-22;2.263020901;41.88123265
Aus;Mastegatatxes;Ficedula hypoleuca;1;1;2022-04-22;2.265271;41.920806
Aus;Mastegatatxes;Ficedula hypoleuca;5;1;2022-04-22;2.26259625;41.96484943
Aus;Mastegatatxes;Ficedula hypoleuca;6;1;2022-04-22;2.28092631;41.95742721
Aus;Mastegatatxes;Ficedula hypoleuca;3;2;2022-04-22;2.29014449;41.99877954
Aus;Mastegatatxes;Ficedula hypoleuca;3;1;2022-04-22;2.222115;41.963291
Aus;Mastegatatxes;Ficedula hypoleuca;1;1;2022-04-22;2.169372185;41.98343287
Aus;Mastegatatxes;Ficedula hypoleuca;16;1;2022-04-22;2.464026359;41.68253966
Aus;Mastegatatxes;Ficedula hypoleuca;1;1;2022-04-22;2.16437791;41.64140069
Aus;Mastegatatxes;Ficedula hypoleuca;3;1;2022-04-22;2.056518473;41.54784839
Aus;Mastegatatxes;Ficedula hypoleuca;1;1;2022-04-22;2.082041946;41.52924844
Aus;Mastegatatxes;Ficedula hypoleuca;1;1;2022-04-22;2.135682106;41.52502957
Aus;Mastegatatxes;Ficedula hypoleuca;4;4;2022-04-22;2.20139663;41.5606
Aus;Mastegatatxes;Ficedula hypoleuca;1;1;2022-04-22;2.20206107;41.50656141
Aus;Mastegatatxes;Ficedula hypoleuca;1;1;2022-04-22;2.403421;41.564398
Aus;Mastegatatxes;Ficedula hypoleuca;1;1;2022-04-22;2.441207;41.594
Aus;Mastegatatxes;Ficedula hypoleuca;1;1;2022-04-22;2.44552;41.590728
Aus;Mastegatatxes;Ficedula hypoleuca;1;1;2022-04-22;2.505873;41.732363
Aus;Mastegatatxes;Ficedula hypoleuca;3;1;2022-04-22;2.194132805;41.45559314
Aus;Mastegatatxes;Ficedula hypoleuca;1;1;2022-04-22;2.214709;41.406952
Aus;Mastegatatxes;Ficedula hypoleuca;3;1;2022-04-22;2.151815509;41.35929045
Aus;Mastegatatxes;Ficedula hypoleuca;1;1;2022-04-22;2.154270368;41.3597814
Aus;Mastegatatxes;Ficedula hypoleuca;1;1;2022-04-22;2.06139749;41.31534762
Aus;Mastegatatxes;Ficedula hypoleuca;6;1;2022-04-22;2.06451242;41.28242117
Aus;Mastegatatxes;Ficedula hypoleuca;2;1;2022-04-22;2.047330141;41.30985278
Aus;Mastegatatxes;Ficedula hypoleuca;2;1;2022-04-22;0.78668315;40.74372221
Aus;Mastegatatxes;Ficedula hypoleuca;1;1;2022-04-22;0.74063087;41.49613871
Aus;Mastegatatxes;Ficedula hypoleuca;1;1;2022-04-22;0.86509;41.08673
Aus;Mastegatatxes;Ficedula hypoleuca;2;1;2022-04-22;1.129188222;41.08088977
Aus;Mastegatatxes;Ficedula hypoleuca;1;1;2022-04-22;1.13586729;41.07989488
Aus;Mastegatatxes;Ficedula hypoleuca;1;1;2022-04-22;1.45526219;41.16568824
Aus;Mastegatatxes;Ficedula hypoleuca;1;1;2022-04-22;1.922287;41.336953
Aus;Mastegatatxes;Ficedula hypoleuca;1;1;2022-04-22;1.992659;41.789087
Aus;Mastegatatxes;Ficedula hypoleuca;1;1;2022-04-22;0.800709694;41.66551545
Aus;Mastegatatxes;Ficedula hypoleuca;1;1;2022-04-22;0.72834505;41.50490307
Aus;Mastegatatxes;Ficedula hypoleuca;1;1;2022-04-22;1.847002;42.389103
Aus;Mastegatatxes;Ficedula hypoleuca;3;1;2022-04-22;1.096121012;42.07725252
Aus;Mastegatatxes;Ficedula hypoleuca;1;1;2022-04-22;2.090076318;42.08242658
Aus;Mastegatatxes;Ficedula hypoleuca;2;1;2022-04-22;2.20645749;42.07648833
Aus;Mastegatatxes;Ficedula hypoleuca;5;1;2022-04-22;2.24355698;42.05625836
Aus;Mastegatatxes;Ficedula hypoleuca;4;1;2022-04-22;2.257072;42.04261
Aus;Mastegatatxes;Ficedula hypoleuca;1;1;2022-04-22;2.250393;42.048116
Aus;Mastegatatxes;Ficedula hypoleuca;1;1;2022-04-22;3.10208;42.207483
Aus;Mastegatatxes;Ficedula hypoleuca;1;1;2022-04-22;3.096874;42.212576
Aus;Mastegatatxes;Ficedula hypoleuca;3;1;2022-04-22;3.10156842;42.21348961
Aus;Mastegatatxes;Ficedula hypoleuca;1;1;2022-04-22;3.260686;42.319994
Aus;Mastegatatxes;Ficedula hypoleuca;2;1;2022-04-22;3.16273149;42.32882389
Aus;Mastegatatxes;Ficedula hypoleuca;2;1;2022-04-22;3.112997;42.28635
Aus;Mastegatatxes;Ficedula hypoleuca;1;1;2022-04-23;3.0650974;41.80654577
Aus;Mastegatatxes;Ficedula hypoleuca;1;1;2022-04-23;3.0530592;41.80655196
Aus;Mastegatatxes;Ficedula hypoleuca;1;1;2022-04-23;3.055615425;41.81287488
Aus;Mastegatatxes;Ficedula hypoleuca;1;1;2022-04-23;2.81741922;41.99438669
Aus;Mastegatatxes;Ficedula hypoleuca;12;2;2022-04-23;2.802694864;41.98614465
Aus;Mastegatatxes;Ficedula hypoleuca;1;1;2022-04-23;2.408991;41.976636
Aus;Mastegatatxes;Ficedula hypoleuca;1;1;2022-04-23;2.28680008;41.88510465
Aus;Mastegatatxes;Ficedula hypoleuca;1;1;2022-04-23;2.263020901;41.88123265
Aus;Mastegatatxes;Ficedula hypoleuca;2;1;2022-04-23;2.29338977;41.92147822
Aus;Mastegatatxes;Ficedula hypoleuca;1;1;2022-04-23;2.288716853;41.92674493
Aus;Mastegatatxes;Ficedula hypoleuca;4;1;2022-04-23;2.26896365;41.94834509
Aus;Mastegatatxes;Ficedula hypoleuca;1;1;2022-04-23;2.29014449;41.99877954
Aus;Mastegatatxes;Ficedula hypoleuca;1;1;2022-04-23;2.2963505;41.65129142
Aus;Mastegatatxes;Ficedula hypoleuca;1;1;2022-04-23;2.10309787;41.73100823
Aus;Mastegatatxes;Ficedula hypoleuca;1;1;2022-04-23;2.35666157;41.62462359
Aus;Mastegatatxes;Ficedula hypoleuca;1;1;2022-04-23;2.186428047;41.40381912
Aus;Mastegatatxes;Ficedula hypoleuca;6;2;2022-04-23;2.1564224;41.36405486
Aus;Mastegatatxes;Ficedula hypoleuca;1;1;2022-04-23;2.104029;41.359435
Aus;Mastegatatxes;Ficedula hypoleuca;0;1;2022-04-23;0.837591107;40.72583356
Aus;Mastegatatxes;Ficedula hypoleuca;2;1;2022-04-23;1.98410511;41.27351685
Aus;Mastegatatxes;Ficedula hypoleuca;2;1;2022-04-23;1.976392;41.285796
Aus;Mastegatatxes;Ficedula hypoleuca;2;1;2022-04-23;1.526601;41.987442
Aus;Mastegatatxes;Ficedula hypoleuca;1;1;2022-04-23;1.35599793;41.79479898
Aus;Mastegatatxes;Ficedula hypoleuca;1;1;2022-04-23;0.950774;41.679405
Aus;Mastegatatxes;Ficedula hypoleuca;3;1;2022-04-23;1.526206;42.506032
Aus;Mastegatatxes;Ficedula hypoleuca;1;1;2022-04-23;1.533239;42.509009
Aus;Mastegatatxes;Ficedula hypoleuca;1;1;2022-04-23;1.065072;42.32332
Aus;Mastegatatxes;Ficedula hypoleuca;2;1;2022-04-23;2.28041949;42.00245669
Aus;Mastegatatxes;Ficedula hypoleuca;1;1;2022-04-23;2.29565735;42.03645156
Aus;Mastegatatxes;Ficedula hypoleuca;5;1;2022-04-23;2.19339463;42.20001727
Aus;Mastegatatxes;Ficedula hypoleuca;1;1;2022-04-23;2.43507022;42.26450525
Aus;Mastegatatxes;Ficedula hypoleuca;8;1;2022-04-23;2.949807236;42.40133307
Aus;Mastegatatxes;Ficedula hypoleuca;2;1;2022-04-23;2.6215;42.221955
Aus;Mastegatatxes;Ficedula hypoleuca;2;1;2022-04-23;3.100135;42.207858
Aus;Mastegatatxes;Ficedula hypoleuca;7;2;2022-04-23;3.286226162;42.31814861
Aus;Mastegatatxes;Ficedula hypoleuca;1;1;2022-04-23;3.121619;42.269615
Aus;Mastegatatxes;Ficedula hypoleuca;1;1;2022-04-23;3.098678;42.356418
Aus;Mastegatatxes;Ficedula hypoleuca;1;1;2022-04-24;2.931257;41.843989
Aus;Mastegatatxes;Ficedula hypoleuca;1;1;2022-04-24;2.833014;41.874169
Aus;Mastegatatxes;Ficedula hypoleuca;1;1;2022-04-24;2.28680008;41.88510465
Aus;Mastegatatxes;Ficedula hypoleuca;1;1;2022-04-24;2.29338977;41.92147822
Aus;Mastegatatxes;Ficedula hypoleuca;1;1;2022-04-24;2.252999066;41.93562359
Aus;Mastegatatxes;Ficedula hypoleuca;2;2;2022-04-24;2.29014449;41.99877954
Aus;Mastegatatxes;Ficedula hypoleuca;2;1;2022-04-24;2.059436172;41.93427159
Aus;Mastegatatxes;Ficedula hypoleuca;1;1;2022-04-24;2.207091332;41.92790232
Aus;Mastegatatxes;Ficedula hypoleuca;1;1;2022-04-24;2.2457907;41.86713549
Aus;Mastegatatxes;Ficedula hypoleuca;1;1;2022-04-24;2.23934017;41.85934718
Aus;Mastegatatxes;Ficedula hypoleuca;1;1;2022-04-24;2.470784453;41.68429895
Aus;Mastegatatxes;Ficedula hypoleuca;1;1;2022-04-24;2.17787063;41.52440547
Aus;Mastegatatxes;Ficedula hypoleuca;1;1;2022-04-24;2.177763;41.524423
Aus;Mastegatatxes;Ficedula hypoleuca;1;1;2022-04-24;2.243242481;41.54629951
Aus;Mastegatatxes;Ficedula hypoleuca;3;1;2022-04-24;2.34484037;41.60654261
Aus;Mastegatatxes;Ficedula hypoleuca;1;1;2022-04-24;2.612179;41.724397
Aus;Mastegatatxes;Ficedula hypoleuca;1;1;2022-04-24;2.685905;41.709689
Aus;Mastegatatxes;Ficedula hypoleuca;1;1;2022-04-24;2.698869;41.685272
Aus;Mastegatatxes;Ficedula hypoleuca;1;1;2022-04-24;2.64460831;41.65289582
Aus;Mastegatatxes;Ficedula hypoleuca;1;1;2022-04-24;2.76470254;41.6532044
Aus;Mastegatatxes;Ficedula hypoleuca;1;1;2022-04-24;2.777292401;41.65009371
Aus;Mastegatatxes;Ficedula hypoleuca;1;1;2022-04-24;2.227736;41.44659
Aus;Mastegatatxes;Ficedula hypoleuca;3;1;2022-04-24;2.194132805;41.45559314
Aus;Mastegatatxes;Ficedula hypoleuca;1;1;2022-04-24;2.09665;41.4202
Aus;Mastegatatxes;Ficedula hypoleuca;1;1;2022-04-24;2.213446;41.4075
Aus;Mastegatatxes;Ficedula hypoleuca;1;1;2022-04-24;2.007989344;41.2738342
Aus;Mastegatatxes;Ficedula hypoleuca;1;1;2022-04-24;2.063658;41.280086
Aus;Mastegatatxes;Ficedula hypoleuca;1;1;2022-04-24;2.063315;41.280339
Aus;Mastegatatxes;Ficedula hypoleuca;0;1;2022-04-24;0.83436451;40.72788897
Aus;Mastegatatxes;Ficedula hypoleuca;1;1;2022-04-24;0.890235901;41.23506701
Aus;Mastegatatxes;Ficedula hypoleuca;1;1;2022-04-24;0.85696433;41.23717021
Aus;Mastegatatxes;Ficedula hypoleuca;4;3;2022-04-24;1.160645485;41.10031035
Aus;Mastegatatxes;Ficedula hypoleuca;1;1;2022-04-24;1.71602446;41.24095102
Aus;Mastegatatxes;Ficedula hypoleuca;1;1;2022-04-24;1.70248908;41.32186586
Aus;Mastegatatxes;Ficedula hypoleuca;2;1;2022-04-24;1.84248739;41.51251147
Aus;Mastegatatxes;Ficedula hypoleuca;1;1;2022-04-24;1.090619282;41.92854176
Aus;Mastegatatxes;Ficedula hypoleuca;0;1;2022-04-24;0.9497236;41.68215179
Aus;Mastegatatxes;Ficedula hypoleuca;1;1;2022-04-24;0.946295;41.681842
Aus;Mastegatatxes;Ficedula hypoleuca;5;1;2022-04-24;0.900485877;42.12239233
Aus;Mastegatatxes;Ficedula hypoleuca;1;1;2022-04-24;0.91092495;42.15681007
Aus;Mastegatatxes;Ficedula hypoleuca;2;2;2022-04-24;1.8411122;42.06422088
Aus;Mastegatatxes;Ficedula hypoleuca;3;1;2022-04-24;2.248527;42.048159
Aus;Mastegatatxes;Ficedula hypoleuca;1;1;2022-04-24;2.26348022;42.01276074
Aus;Mastegatatxes;Ficedula hypoleuca;2;1;2022-04-24;2.2556412;42.05633737
Aus;Mastegatatxes;Ficedula hypoleuca;1;1;2022-04-24;2.44844887;42.12047069
Aus;Mastegatatxes;Ficedula hypoleuca;1;1;2022-04-24;2.302895;42.075178
Aus;Mastegatatxes;Ficedula hypoleuca;1;1;2022-04-24;2.286713;42.229499
Aus;Mastegatatxes;Ficedula hypoleuca;1;1;2022-04-24;2.27642634;42.35367427
Aus;Mastegatatxes;Ficedula hypoleuca;1;1;2022-04-24;2.373162401;42.26664315
Aus;Mastegatatxes;Ficedula hypoleuca;2;2;2022-04-24;2.37444893;42.26419062
Aus;Mastegatatxes;Ficedula hypoleuca;1;1;2022-04-24;2.370469272;42.26200596
Aus;Mastegatatxes;Ficedula hypoleuca;1;1;2022-04-24;2.76274229;42.18459529
Aus;Mastegatatxes;Ficedula hypoleuca;1;1;2022-04-24;2.63951625;42.04554905
Aus;Mastegatatxes;Ficedula hypoleuca;2;1;2022-04-24;3.195912322;42.00533335
Aus;Mastegatatxes;Ficedula hypoleuca;8;2;2022-04-24;3.093950048;42.21261298
Aus;Mastegatatxes;Ficedula hypoleuca;1;1;2022-04-24;3.09852529;42.21206028
Aus;Mastegatatxes;Ficedula hypoleuca;1;1;2022-04-24;3.2824444;42.26069388
Aus;Mastegatatxes;Ficedula hypoleuca;1;1;2022-04-24;3.120912;42.288006
Aus;Mastegatatxes;Ficedula hypoleuca;1;1;2022-04-24;3.10998551;42.28853934
Aus;Mastegatatxes;Ficedula hypoleuca;1;1;2022-04-24;3.110909;42.287732
Aus;Mastegatatxes;Ficedula hypoleuca;1;1;2022-04-24;3.099404981;42.27657814
Aus;Mastegatatxes;Ficedula hypoleuca;1;1;2022-04-25;3.055615425;41.81287488
Aus;Mastegatatxes;Ficedula hypoleuca;2;1;2022-04-25;2.351573766;41.94107604
Aus;Mastegatatxes;Ficedula hypoleuca;2;2;2022-04-25;2.29014449;41.99877954
Aus;Mastegatatxes;Ficedula hypoleuca;1;1;2022-04-25;2.239607;41.934373
Aus;Mastegatatxes;Ficedula hypoleuca;1;1;2022-04-25;2.19972758;41.6956942
Aus;Mastegatatxes;Ficedula hypoleuca;1;1;2022-04-25;2.177298794;41.42660503
Aus;Mastegatatxes;Ficedula hypoleuca;1;1;2022-04-25;2.23314929;41.41966315
Aus;Mastegatatxes;Ficedula hypoleuca;4;1;2022-04-25;2.151815509;41.35929045
Aus;Mastegatatxes;Ficedula hypoleuca;3;1;2022-04-25;2.047330141;41.30985278
Aus;Mastegatatxes;Ficedula hypoleuca;1;1;2022-04-25;2.126552;41.30254
Aus;Mastegatatxes;Ficedula hypoleuca;3;1;2022-04-25;0.775812;40.66046
Aus;Mastegatatxes;Ficedula hypoleuca;2;1;2022-04-25;0.698705;40.658768
Aus;Mastegatatxes;Ficedula hypoleuca;2;1;2022-04-25;1.129188222;41.08088977
Aus;Mastegatatxes;Ficedula hypoleuca;1;1;2022-04-25;1.712176768;41.22419207
Aus;Mastegatatxes;Ficedula hypoleuca;1;1;2022-04-25;1.976695;41.283712
Aus;Mastegatatxes;Ficedula hypoleuca;2;1;2022-04-25;1.291172504;41.33989373
Aus;Mastegatatxes;Ficedula hypoleuca;1;1;2022-04-25;1.17193437;41.49479913
Aus;Mastegatatxes;Ficedula hypoleuca;1;1;2022-04-25;1.814248413;41.72726414
Aus;Mastegatatxes;Ficedula hypoleuca;1;1;2022-04-25;1.8411122;42.06422088
Aus;Mastegatatxes;Ficedula hypoleuca;1;1;2022-04-25;2.20645749;42.07648833
Aus;Mastegatatxes;Ficedula hypoleuca;3;1;2022-04-25;2.249345;42.027439
Aus;Mastegatatxes;Ficedula hypoleuca;2;1;2022-04-25;2.244259;42.025832
Aus;Mastegatatxes;Ficedula hypoleuca;1;1;2022-04-25;2.26348022;42.01276074
Aus;Mastegatatxes;Ficedula hypoleuca;1;1;2022-04-25;2.2682422;42.01138619
Aus;Mastegatatxes;Ficedula hypoleuca;1;1;2022-04-25;2.26834541;42.00238036
Aus;Mastegatatxes;Ficedula hypoleuca;1;1;2022-04-25;3.127824;42.05873
Aus;Mastegatatxes;Ficedula hypoleuca;1;1;2022-04-25;3.13853606;42.36487978
Aus;Mastegatatxes;Ficedula hypoleuca;1;1;2022-04-25;3.16640685;42.32336995
Aus;Mastegatatxes;Ficedula hypoleuca;1;1;2022-04-25;3.017420769;42.36089056
Aus;Mastegatatxes;Ficedula hypoleuca;1;1;2022-04-26;2.395561;41.835148
Aus;Mastegatatxes;Ficedula hypoleuca;0;1;2022-04-26;2.095112;41.725185
Aus;Mastegatatxes;Ficedula hypoleuca;2;1;2022-04-26;2.436339;41.544187
Aus;Mastegatatxes;Ficedula hypoleuca;3;1;2022-04-26;2.194132805;41.45559314
Aus;Mastegatatxes;Ficedula hypoleuca;1;1;2022-04-26;2.190175;41.387793
Aus;Mastegatatxes;Ficedula hypoleuca;1;1;2022-04-26;2.148072;41.356774
Aus;Mastegatatxes;Ficedula hypoleuca;3;1;2022-04-26;2.152075;41.359131
Aus;Mastegatatxes;Ficedula hypoleuca;2;1;2022-04-26;2.153989;41.35915
Aus;Mastegatatxes;Ficedula hypoleuca;1;1;2022-04-26;2.097166395;41.31519027
Aus;Mastegatatxes;Ficedula hypoleuca;1;1;2022-04-26;2.102079391;41.28809396
Aus;Mastegatatxes;Ficedula hypoleuca;1;1;2022-04-26;0.77496185;40.66292393
Aus;Mastegatatxes;Ficedula hypoleuca;1;1;2022-04-26;0.778659;40.740415
Aus;Mastegatatxes;Ficedula hypoleuca;1;1;2022-04-26;0.746523;40.720501
Aus;Mastegatatxes;Ficedula hypoleuca;1;1;2022-04-26;0.89992971;41.01278422
Aus;Mastegatatxes;Ficedula hypoleuca;4;1;2022-04-26;1.72812994;41.23207792
Aus;Mastegatatxes;Ficedula hypoleuca;1;1;2022-04-26;1.72364709;41.21226586
Aus;Mastegatatxes;Ficedula hypoleuca;1;1;2022-04-26;1.727171;41.213882
Aus;Mastegatatxes;Ficedula hypoleuca;2;1;2022-04-26;1.66591791;41.3574769
Aus;Mastegatatxes;Ficedula hypoleuca;2;1;2022-04-26;1.976471;41.285818
Aus;Mastegatatxes;Ficedula hypoleuca;1;1;2022-04-26;1.977508;41.283867
Aus;Mastegatatxes;Ficedula hypoleuca;2;1;2022-04-26;1.779742;41.350285
Aus;Mastegatatxes;Ficedula hypoleuca;1;1;2022-04-26;1.252142566;41.49976673
Aus;Mastegatatxes;Ficedula hypoleuca;1;1;2022-04-26;1.13212628;41.62925953
Aus;Mastegatatxes;Ficedula hypoleuca;1;1;2022-04-26;1.85377121;41.67547623
Aus;Mastegatatxes;Ficedula hypoleuca;2;1;2022-04-26;1.8411122;42.06422088
Aus;Mastegatatxes;Ficedula hypoleuca;3;1;2022-04-26;2.20645749;42.07648833
Aus;Mastegatatxes;Ficedula hypoleuca;3;1;2022-04-26;3.09852529;42.21206028
Aus;Mastegatatxes;Ficedula hypoleuca;4;1;2022-04-26;3.15061573;42.33784649
Aus;Mastegatatxes;Ficedula hypoleuca;3;1;2022-04-26;3.16640685;42.32336995
Aus;Mastegatatxes;Ficedula hypoleuca;1;1;2022-04-27;2.21284119;41.60571455
Aus;Mastegatatxes;Ficedula hypoleuca;2;1;2022-04-27;2.194132805;41.45559314
Aus;Mastegatatxes;Ficedula hypoleuca;2;1;2022-04-27;2.171688458;41.4161146
Aus;Mastegatatxes;Ficedula hypoleuca;1;1;2022-04-27;2.159118;41.36896
Aus;Mastegatatxes;Ficedula hypoleuca;1;1;2022-04-27;2.154488;41.359538
Aus;Mastegatatxes;Ficedula hypoleuca;1;1;2022-04-27;2.153529;41.359657
Aus;Mastegatatxes;Ficedula hypoleuca;1;1;2022-04-27;2.097326517;41.33108874
Aus;Mastegatatxes;Ficedula hypoleuca;1;1;2022-04-27;2.106801148;41.33122171
Aus;Mastegatatxes;Ficedula hypoleuca;3;1;2022-04-27;0.775523;40.660156
Aus;Mastegatatxes;Ficedula hypoleuca;1;1;2022-04-27;1.13586729;41.07989488
Aus;Mastegatatxes;Ficedula hypoleuca;1;1;2022-04-27;1.09783398;41.16033857
Aus;Mastegatatxes;Ficedula hypoleuca;2;1;2022-04-27;1.976383;41.285799
Aus;Mastegatatxes;Ficedula hypoleuca;1;1;2022-04-27;1.653013229;41.38650087
Aus;Mastegatatxes;Ficedula hypoleuca;2;1;2022-04-27;1.990100037;41.55119789
Aus;Mastegatatxes;Ficedula hypoleuca;1;1;2022-04-27;1.571016;42.554483
Aus;Mastegatatxes;Ficedula hypoleuca;1;1;2022-04-27;1.880134451;42.0507874
Aus;Mastegatatxes;Ficedula hypoleuca;3;1;2022-04-27;2.20645749;42.07648833
Aus;Mastegatatxes;Ficedula hypoleuca;1;1;2022-04-27;3.25605;42.265725
Aus;Mastegatatxes;Ficedula hypoleuca;1;1;2022-04-28;2.29014449;41.99877954
Aus;Mastegatatxes;Ficedula hypoleuca;1;1;2022-04-28;2.023594;41.683475
Aus;Mastegatatxes;Ficedula hypoleuca;2;1;2022-04-28;2.194132805;41.45559314
Aus;Mastegatatxes;Ficedula hypoleuca;1;1;2022-04-28;2.077655196;41.37460666
Aus;Mastegatatxes;Ficedula hypoleuca;5;1;2022-04-28;1.175773144;41.08329768
Aus;Mastegatatxes;Ficedula hypoleuca;1;1;2022-04-28;1.09757352;41.16934148
Aus;Mastegatatxes;Ficedula hypoleuca;1;1;2022-04-28;1.976307;41.285825
Aus;Mastegatatxes;Ficedula hypoleuca;1;1;2022-04-28;1.334564557;41.61245469
Aus;Mastegatatxes;Ficedula hypoleuca;1;1;2022-04-28;1.759810991;42.05403169
Aus;Mastegatatxes;Ficedula hypoleuca;1;1;2022-04-28;2.20645749;42.07648833
Aus;Mastegatatxes;Ficedula hypoleuca;1;1;2022-04-28;3.166558;42.323751
Aus;Mastegatatxes;Ficedula hypoleuca;2;1;2022-04-28;3.2231948;42.26567944
Aus;Mastegatatxes;Ficedula hypoleuca;1;1;2022-04-29;2.151815509;41.35929045
Aus;Mastegatatxes;Ficedula hypoleuca;2;1;2022-04-29;2.154270368;41.3597814
Aus;Mastegatatxes;Ficedula hypoleuca;2;1;2022-04-29;2.06451242;41.28242117
Aus;Mastegatatxes;Ficedula hypoleuca;1;1;2022-04-29;1.802704734;41.49138951
Aus;Mastegatatxes;Ficedula hypoleuca;1;1;2022-04-29;1.356032734;41.30847099
Aus;Mastegatatxes;Ficedula hypoleuca;3;1;2022-04-29;2.20645749;42.07648833
Aus;Mastegatatxes;Ficedula hypoleuca;1;1;2022-04-30;2.29014449;41.99877954
Aus;Mastegatatxes;Ficedula hypoleuca;1;1;2022-04-30;2.422283476;41.70025168
Aus;Mastegatatxes;Ficedula hypoleuca;1;1;2022-04-30;2.056436126;41.48507918
Aus;Mastegatatxes;Ficedula hypoleuca;1;1;2022-04-30;0.775104;40.659735
Aus;Mastegatatxes;Ficedula hypoleuca;2;1;2022-04-30;0.77496185;40.66292393
Aus;Mastegatatxes;Ficedula hypoleuca;2;1;2022-04-30;0.825874;40.705807
Aus;Mastegatatxes;Ficedula hypoleuca;2;1;2022-04-30;0.69820898;40.65764445
Aus;Mastegatatxes;Ficedula hypoleuca;1;1;2022-04-30;1.7788598;41.07048987
Aus;Mastegatatxes;Ficedula hypoleuca;1;1;2022-04-30;1.733179915;41.22886946
Aus;Mastegatatxes;Ficedula hypoleuca;1;1;2022-04-30;1.733654458;41.23120636
Aus;Mastegatatxes;Ficedula hypoleuca;1;1;2022-04-30;1.89949;41.260797
Aus;Mastegatatxes;Ficedula hypoleuca;0;1;2022-04-30;1.122533;41.522234
Aus;Mastegatatxes;Ficedula hypoleuca;1;1;2022-04-30;0.90450461;42.71502406
Aus;Mastegatatxes;Ficedula hypoleuca;9;3;2022-04-30;3.286226162;42.31814861
Aus;Mastegatatxes;Ficedula hypoleuca;1;1;2022-04-30;3.12230996;42.27015435
Aus;Mastegatatxes;Ficedula hypoleuca;1;1;2022-05-01;2.09498355;41.4517251
Aus;Mastegatatxes;Ficedula hypoleuca;1;1;2022-05-01;2.124567032;41.30456991
Aus;Mastegatatxes;Ficedula hypoleuca;2;1;2022-05-01;2.047330141;41.30985278
Aus;Mastegatatxes;Ficedula hypoleuca;2;1;2022-05-01;0.756687;40.646377
Aus;Mastegatatxes;Ficedula hypoleuca;30;1;2022-05-01;0.78095027;40.65926503
Aus;Mastegatatxes;Ficedula hypoleuca;1;1;2022-05-01;1.40781766;41.1560346
Aus;Mastegatatxes;Ficedula hypoleuca;1;1;2022-05-01;1.64817291;41.63648846
Aus;Mastegatatxes;Ficedula hypoleuca;1;1;2022-05-01;1.087934384;41.82294972
Aus;Mastegatatxes;Ficedula hypoleuca;1;1;2022-05-01;2.94413253;42.47302085
Aus;Mastegatatxes;Ficedula hypoleuca;0;1;2022-05-01;3.10312913;42.24194786
Aus;Mastegatatxes;Ficedula hypoleuca;1;1;2022-05-01;3.09884;42.209379
Aus;Mastegatatxes;Ficedula hypoleuca;0;1;2022-05-01;3.09852529;42.21206028
Aus;Mastegatatxes;Ficedula hypoleuca;1;1;2022-05-01;3.218867972;42.24277294
Aus;Mastegatatxes;Ficedula hypoleuca;0;2;2022-05-01;3.286226162;42.31814861
Aus;Mastegatatxes;Ficedula hypoleuca;1;1;2022-05-01;3.16640685;42.32336995
Aus;Mastegatatxes;Ficedula hypoleuca;6;1;2022-05-01;3.167102;42.322646
Aus;Mastegatatxes;Ficedula hypoleuca;1;1;2022-05-01;3.18681951;42.26574446
Aus;Mastegatatxes;Ficedula hypoleuca;1;1;2022-05-01;3.116536691;42.3290358
Aus;Mastegatatxes;Ficedula hypoleuca;1;1;2022-05-01;3.109401393;42.35369012
Aus;Mastegatatxes;Ficedula hypoleuca;1;1;2022-05-01;3.08997208;42.37393417
Aus;Mastegatatxes;Ficedula hypoleuca;3;1;2022-05-02;3.193887968;41.98636748
Aus;Mastegatatxes;Ficedula hypoleuca;1;1;2022-05-02;2.29014449;41.99877954
Aus;Mastegatatxes;Ficedula hypoleuca;3;1;2022-05-02;2.24763751;41.92445638
Aus;Mastegatatxes;Ficedula hypoleuca;1;1;2022-05-02;2.768363;41.653404
Aus;Mastegatatxes;Ficedula hypoleuca;8;1;2022-05-02;2.151815509;41.35929045
Aus;Mastegatatxes;Ficedula hypoleuca;3;2;2022-05-02;2.1564224;41.36405486
Aus;Mastegatatxes;Ficedula hypoleuca;1;1;2022-05-02;2.118592;41.303964
Aus;Mastegatatxes;Ficedula hypoleuca;3;1;2022-05-02;0.821661507;40.70677293
Aus;Mastegatatxes;Ficedula hypoleuca;2;1;2022-05-02;1.669664383;41.24651479
Aus;Mastegatatxes;Ficedula hypoleuca;1;1;2022-05-02;1.633272171;41.25890422
Aus;Mastegatatxes;Ficedula hypoleuca;1;1;2022-05-02;1.210735763;41.39439106
Aus;Mastegatatxes;Ficedula hypoleuca;1;1;2022-05-02;1.814248413;41.72726414
Aus;Mastegatatxes;Ficedula hypoleuca;1;1;2022-05-02;1.842226982;41.77652856
Aus;Mastegatatxes;Ficedula hypoleuca;1;1;2022-05-02;1.904507;42.414425
Aus;Mastegatatxes;Ficedula hypoleuca;6;1;2022-05-02;1.46289922;42.35465887
Aus;Mastegatatxes;Ficedula hypoleuca;1;1;2022-05-02;3.10185649;42.2118142
Aus;Mastegatatxes;Ficedula hypoleuca;1;1;2022-05-02;3.234783;42.306616
Aus;Mastegatatxes;Ficedula hypoleuca;1;1;2022-05-02;3.101792336;42.29746868
Aus;Mastegatatxes;Ficedula hypoleuca;1;1;2022-05-03;2.801749;41.984081
Aus;Mastegatatxes;Ficedula hypoleuca;1;1;2022-05-03;2.110383511;41.39937878
Aus;Mastegatatxes;Ficedula hypoleuca;3;1;2022-05-03;2.1564224;41.36405486
Aus;Mastegatatxes;Ficedula hypoleuca;2;1;2022-05-03;0.440324;40.639348
Aus;Mastegatatxes;Ficedula hypoleuca;1;1;2022-05-03;0.439018;40.653079
Aus;Mastegatatxes;Ficedula hypoleuca;1;1;2022-05-03;0.390750556;41.44014686
Aus;Mastegatatxes;Ficedula hypoleuca;1;1;2022-05-03;1.983507;42.454205
Aus;Mastegatatxes;Ficedula hypoleuca;1;1;2022-05-03;1.814907;42.366988
Aus;Mastegatatxes;Ficedula hypoleuca;1;1;2022-05-03;1.759229;42.369664
Aus;Mastegatatxes;Ficedula hypoleuca;0;1;2022-05-03;1.449269947;42.35519735
Aus;Mastegatatxes;Ficedula hypoleuca;1;1;2022-05-03;1.8411122;42.06422088
Aus;Mastegatatxes;Ficedula hypoleuca;1;1;2022-05-03;3.22322658;42.27468552
Aus;Mastegatatxes;Ficedula hypoleuca;3;1;2022-05-03;3.23531987;42.2656552
Aus;Mastegatatxes;Ficedula hypoleuca;1;1;2022-05-03;3.0535189;42.35594498
Aus;Mastegatatxes;Ficedula hypoleuca;4;1;2022-05-04;2.12086836;41.30780724
Aus;Mastegatatxes;Ficedula hypoleuca;3;1;2022-05-04;2.12216594;41.30279995
Aus;Mastegatatxes;Ficedula hypoleuca;4;1;2022-05-04;2.013804374;41.27344716
Aus;Mastegatatxes;Ficedula hypoleuca;1;1;2022-05-04;0.781999;40.655479
Aus;Mastegatatxes;Ficedula hypoleuca;2;1;2022-05-04;0.762261;40.64928
Aus;Mastegatatxes;Ficedula hypoleuca;8;1;2022-05-04;0.77555;40.660254
Aus;Mastegatatxes;Ficedula hypoleuca;1;1;2022-05-04;0.77496185;40.66292393
Aus;Mastegatatxes;Ficedula hypoleuca;1;1;2022-05-04;0.851894;40.723757
Aus;Mastegatatxes;Ficedula hypoleuca;1;1;2022-05-04;0.854487;40.723135
Aus;Mastegatatxes;Ficedula hypoleuca;1;1;2022-05-04;0.513031;41.497204
Aus;Mastegatatxes;Ficedula hypoleuca;1;1;2022-05-04;1.130897304;41.07730159
Aus;Mastegatatxes;Ficedula hypoleuca;2;1;2022-05-04;1.129188222;41.08088977
Aus;Mastegatatxes;Ficedula hypoleuca;1;1;2022-05-05;2.766937;41.657538
Aus;Mastegatatxes;Ficedula hypoleuca;1;1;2022-05-05;1.130897304;41.07730159
Aus;Mastegatatxes;Ficedula hypoleuca;2;1;2022-05-05;1.72812994;41.23207792
Aus;Mastegatatxes;Ficedula hypoleuca;3;1;2022-05-05;1.449269947;42.35519735
Aus;Mastegatatxes;Ficedula hypoleuca;1;1;2022-05-05;2.253244;42.04265
Aus;Mastegatatxes;Ficedula hypoleuca;4;1;2022-05-05;2.010480765;42.45369605
Aus;Mastegatatxes;Ficedula hypoleuca;1;1;2022-05-06;2.020509852;41.63503222
Aus;Mastegatatxes;Ficedula hypoleuca;1;1;2022-05-06;2.493743;41.611459
Aus;Mastegatatxes;Ficedula hypoleuca;5;1;2022-05-06;2.194132805;41.45559314
Aus;Mastegatatxes;Ficedula hypoleuca;1;1;2022-05-06;2.054008;41.482098
Aus;Mastegatatxes;Ficedula hypoleuca;3;1;2022-05-06;2.151815509;41.35929045
Aus;Mastegatatxes;Ficedula hypoleuca;4;1;2022-05-06;2.155637;41.362032
Aus;Mastegatatxes;Ficedula hypoleuca;1;1;2022-05-06;2.154270368;41.3597814
Aus;Mastegatatxes;Ficedula hypoleuca;1;1;2022-05-06;2.124567032;41.30456991
Aus;Mastegatatxes;Ficedula hypoleuca;8;1;2022-05-06;0.78095027;40.65926503
Aus;Mastegatatxes;Ficedula hypoleuca;0;1;2022-05-06;0.77496185;40.66292393
Aus;Mastegatatxes;Ficedula hypoleuca;1;1;2022-05-06;0.704607;40.790887
Aus;Mastegatatxes;Ficedula hypoleuca;1;1;2022-05-06;0.72065076;40.77858331
Aus;Mastegatatxes;Ficedula hypoleuca;1;1;2022-05-06;0.31571909;40.75746664
Aus;Mastegatatxes;Ficedula hypoleuca;1;1;2022-05-06;1.985389;41.273429
Aus;Mastegatatxes;Ficedula hypoleuca;1;1;2022-05-06;2.965219634;42.17497997
Aus;Mastegatatxes;Ficedula hypoleuca;1;1;2022-05-06;3.10312913;42.24194786
Aus;Mastegatatxes;Ficedula hypoleuca;1;1;2022-05-06;3.0535189;42.35594498
Aus;Mastegatatxes;Ficedula hypoleuca;3;1;2022-05-07;2.82412131;41.99374248
Aus;Mastegatatxes;Ficedula hypoleuca;1;1;2022-05-07;2.124567032;41.30456991
Aus;Mastegatatxes;Ficedula hypoleuca;1;1;2022-05-07;2.06490504;41.28168574
Aus;Mastegatatxes;Ficedula hypoleuca;1;1;2022-05-07;0.281654;40.661004
Aus;Mastegatatxes;Ficedula hypoleuca;1;1;2022-05-07;0.781981;40.655677
Aus;Mastegatatxes;Ficedula hypoleuca;3;1;2022-05-07;0.77072147;40.65314988
Aus;Mastegatatxes;Ficedula hypoleuca;1;1;2022-05-07;0.761748;40.649427
Aus;Mastegatatxes;Ficedula hypoleuca;5;1;2022-05-07;0.775129;40.659818
Aus;Mastegatatxes;Ficedula hypoleuca;1;1;2022-05-07;0.775458;40.660977
Aus;Mastegatatxes;Ficedula hypoleuca;1;1;2022-05-07;0.775455;40.660912
Aus;Mastegatatxes;Ficedula hypoleuca;0;1;2022-05-07;0.834682;40.682324
Aus;Mastegatatxes;Ficedula hypoleuca;1;1;2022-05-07;0.84977683;40.68693334
Aus;Mastegatatxes;Ficedula hypoleuca;1;1;2022-05-07;0.823051929;40.69280876
Aus;Mastegatatxes;Ficedula hypoleuca;2;2;2022-05-07;0.700759682;40.6636894
Aus;Mastegatatxes;Ficedula hypoleuca;1;1;2022-05-07;0.694797;40.65899
Aus;Mastegatatxes;Ficedula hypoleuca;2;2;2022-05-07;0.29132043;40.77491018
Aus;Mastegatatxes;Ficedula hypoleuca;1;1;2022-05-07;0.27985099;40.7656332
Aus;Mastegatatxes;Ficedula hypoleuca;2;1;2022-05-07;1.175773144;41.08329768
Aus;Mastegatatxes;Ficedula hypoleuca;1;1;2022-05-07;1.160645485;41.10031035
Aus;Mastegatatxes;Ficedula hypoleuca;2;1;2022-05-07;1.82634;41.272901
Aus;Mastegatatxes;Ficedula hypoleuca;2;1;2022-05-07;1.984149;41.273598
Aus;Mastegatatxes;Ficedula hypoleuca;3;1;2022-05-07;1.443934531;42.34572744
Aus;Mastegatatxes;Ficedula hypoleuca;2;1;2022-05-07;2.93205503;42.39196128
Aus;Mastegatatxes;Ficedula hypoleuca;1;1;2022-05-07;3.145092;42.066372
Aus;Mastegatatxes;Ficedula hypoleuca;2;2;2022-05-07;3.06760027;42.22748332
Aus;Mastegatatxes;Ficedula hypoleuca;2;2;2022-05-07;3.10312913;42.24194786
Aus;Mastegatatxes;Ficedula hypoleuca;1;1;2022-05-07;3.093883;42.220848
Aus;Mastegatatxes;Ficedula hypoleuca;1;1;2022-05-08;3.060293;41.807616
Aus;Mastegatatxes;Ficedula hypoleuca;1;1;2022-05-08;2.047330141;41.30985278
Aus;Mastegatatxes;Ficedula hypoleuca;1;1;2022-05-08;0.70780292;41.48709478
Aus;Mastegatatxes;Ficedula hypoleuca;1;1;2022-05-08;0.73865417;41.20788581
Aus;Mastegatatxes;Ficedula hypoleuca;1;1;2022-05-08;1.09757352;41.16934148
Aus;Mastegatatxes;Ficedula hypoleuca;1;1;2022-05-08;1.682550839;41.24516983
Aus;Mastegatatxes;Ficedula hypoleuca;2;1;2022-05-08;1.50957916;41.78757225
Aus;Mastegatatxes;Ficedula hypoleuca;1;1;2022-05-08;0.92651079;41.99405364
Aus;Mastegatatxes;Ficedula hypoleuca;2;1;2022-05-08;2.795709;42.277306
Aus;Mastegatatxes;Ficedula hypoleuca;1;1;2022-05-08;2.97077;42.183571
Aus;Mastegatatxes;Ficedula hypoleuca;0;1;2022-05-08;3.10312913;42.24194786
Aus;Mastegatatxes;Ficedula hypoleuca;1;1;2022-05-08;3.098080158;42.20940028
Aus;Mastegatatxes;Ficedula hypoleuca;1;1;2022-05-08;3.099584041;42.21071432
Aus;Mastegatatxes;Ficedula hypoleuca;2;2;2022-05-08;3.09852529;42.21206028
Aus;Mastegatatxes;Ficedula hypoleuca;1;1;2022-05-08;3.091396093;42.2128173
Aus;Mastegatatxes;Ficedula hypoleuca;2;1;2022-05-08;3.10998551;42.28853934
Aus;Mastegatatxes;Ficedula hypoleuca;1;1;2022-05-08;3.043676349;42.28000836
Aus;Mastegatatxes;Ficedula hypoleuca;3;1;2022-05-09;2.151815509;41.35929045
Aus;Mastegatatxes;Ficedula hypoleuca;1;1;2022-05-09;1.160645485;41.10031035
Aus;Mastegatatxes;Ficedula hypoleuca;7;1;2022-05-09;3.261902;42.2653
Aus;Mastegatatxes;Ficedula hypoleuca;1;1;2022-05-10;1.63213501;41.25799966
Aus;Mastegatatxes;Ficedula hypoleuca;5;1;2022-05-10;3.11189;42.1388
Aus;Mastegatatxes;Ficedula hypoleuca;1;1;2022-05-10;3.102198;42.20722
Aus;Mastegatatxes;Ficedula hypoleuca;1;1;2022-05-10;3.20769143;42.263421
Aus;Mastegatatxes;Ficedula hypoleuca;1;1;2022-05-11;1.976375;41.285803
Aus;Mastegatatxes;Ficedula hypoleuca;1;1;2022-05-12;2.685082838;41.84299243
Aus;Mastegatatxes;Ficedula hypoleuca;1;1;2022-05-12;2.097326517;41.33108874
Aus;Mastegatatxes;Ficedula hypoleuca;2;1;2022-05-13;0.96205302;41.31113468
Aus;Mastegatatxes;Ficedula hypoleuca;1;1;2022-05-13;1.2020341;41.12225408
Aus;Mastegatatxes;Ficedula hypoleuca;1;1;2022-05-13;1.976389;41.285751
Aus;Mastegatatxes;Ficedula hypoleuca;1;1;2022-05-14;2.329214;41.782854
Aus;Mastegatatxes;Ficedula hypoleuca;1;1;2022-05-14;2.27359968;41.49226359
Aus;Mastegatatxes;Ficedula hypoleuca;1;1;2022-05-14;0.716882;40.777845
Aus;Mastegatatxes;Ficedula hypoleuca;3;1;2022-05-14;1.175773144;41.08329768
Aus;Mastegatatxes;Ficedula hypoleuca;1;1;2022-05-14;1.912779808;41.28744902
Aus;Mastegatatxes;Ficedula hypoleuca;1;1;2022-05-14;1.899749998;41.74348141
Aus;Mastegatatxes;Ficedula hypoleuca;2;1;2022-05-14;0.936749;41.678638
Aus;Mastegatatxes;Ficedula hypoleuca;1;1;2022-05-14;0.9504463;41.68020129
Aus;Mastegatatxes;Ficedula hypoleuca;1;1;2022-05-14;2.2313642;42.06518374
Aus;Mastegatatxes;Ficedula hypoleuca;1;1;2022-05-15;1.912779808;41.28744902
Aus;Mastegatatxes;Ficedula hypoleuca;1;1;2022-05-15;1.70366785;41.86229537
Aus;Mastegatatxes;Ficedula hypoleuca;1;1;2022-05-16;2.12216594;41.30279995
Aus;Mastegatatxes;Ficedula hypoleuca;1;1;2022-05-18;2.158419582;41.3617076
Aus;Mastegatatxes;Ficedula hypoleuca;0;1;2022-05-20;2.53639621;41.67052443
Aus;Mastegatatxes;Ficedula hypoleuca;1;1;2022-05-20;2.675375;41.711618
Aus;Mastegatatxes;Ficedula hypoleuca;1;1;2022-05-28;2.18600555;41.83070045
Aus;Mastegatatxes;Ficedula hypoleuca;1;1;2022-05-28;2.010480765;42.45369605
Aus;Mastegatatxes;Ficedula hypoleuca;2;1;2022-05-28;2.687348276;42.29301213
Aus;Mastegatatxes;Ficedula hypoleuca;1;1;2022-05-29;3.122053;42.265053
Aus;Mastegatatxes;Ficedula hypoleuca;1;1;2022-05-29;3.123539803;42.26250721
Aus;Mastegatatxes;Ficedula hypoleuca;2;1;2022-05-31;1.122811;41.522232
Aus;Mastegatatxes;Ficedula hypoleuca;1;1;2022-06-03;1.629594699;42.36117791
Aus;Mastegatatxes;Ficedula hypoleuca;1;1;2022-06-05;1.633272171;41.25890422
Aus;Mastegatatxes;Ficedula hypoleuca;1;1;2022-06-10;2.100162277;41.39000623
Aus;Mastegatatxes;Ficedula hypoleuca;1;1;2022-06-11;0.899484462;42.27482254
Aus;Mastegatatxes;Ficedula hypoleuca;1;1;2022-06-13;1.897475673;42.02886057
Aus;Mastegatatxes;Ficedula hypoleuca;1;1;2022-06-29;3.099584041;42.21071432
Aus;Mastegatatxes;Ficedula hypoleuca;1;1;2022-07-17;2.27359968;41.49226359
Aus;Mastegatatxes;Ficedula hypoleuca;1;1;2022-07-17;2.1564224;41.36405486
Aus;Mastegatatxes;Ficedula hypoleuca;1;1;2022-07-25;1.893258691;42.29873838
Aus;Mastegatatxes;Ficedula hypoleuca;1;1;2022-07-27;2.46267115;41.86835502
Aus;Mastegatatxes;Ficedula hypoleuca;1;1;2022-07-31;1.473345455;42.35771854
Aus;Mastegatatxes;Ficedula hypoleuca;2;1;2022-08-02;0.795101086;42.49934942
